territory_id,origin,peer_id,selection,territory_id_peer,actual,prediction,lower,upper,local_standardized_surprise
1909,2024-10-01,1902,"5 nearest past-state peers, same region when possible",1902,22166,22596.732792291416,21708.17619096348,23521.659691465564,-0.26241849668500566
1909,2024-10-01,1892,"5 nearest past-state peers, same region when possible",1892,22491,21878.36592563529,20552.340195464385,23289.946109476798,1.248049503569107
1909,2024-10-01,1884,"5 nearest past-state peers, same region when possible",1884,24343,24209.637248699735,22582.61323162044,25953.884508501276,0.5206845518598717
1909,2024-10-01,1897,"5 nearest past-state peers, same region when possible",1897,23004,23268.197213485106,22240.207381826665,24343.702928239883,0.09433820275184462
1909,2024-10-01,1891,"5 nearest past-state peers, same region when possible",1891,21286,22225.043245779492,20997.020145060946,23524.888001450978,-0.9806415562812396
542,2024-11-01,560,"5 nearest past-state peers, same region when possible",560,24465,24616.697118008804,23580.78190040192,25698.120594951703,0.36114404000234307
542,2024-11-01,572,"5 nearest past-state peers, same region when possible",572,27834,27151.337279825348,25314.440552263033,29121.525105832556,1.1572788743082367
542,2024-11-01,562,"5 nearest past-state peers, same region when possible",562,25222,25541.55919140761,24221.93701381197,26933.07498719775,0.03737191984789876
542,2024-11-01,533,"5 nearest past-state peers, same region when possible",533,25131,25289.95117815505,24099.54339844938,26539.159685266823,0.3166184841924412
542,2024-11-01,516,"5 nearest past-state peers, same region when possible",516,25065,25081.65851636837,23459.741367548013,26815.708838203005,0.40666652260808106
1329,2024-11-01,1331,"5 nearest past-state peers, same region when possible",1331,28688,27852.688140492046,25703.53646185894,30181.536995995164,1.13371694123468
1329,2024-11-01,1328,"5 nearest past-state peers, same region when possible",1328,25921,25872.475674067784,24451.49839582436,27376.031794417217,0.5762281349212762
1329,2024-11-01,1330,"5 nearest past-state peers, same region when possible",1330,25279,26353.395554203213,24377.58855322546,28489.341992130983,-0.7618614210187664
1329,2024-11-01,1316,"5 nearest past-state peers, same region when possible",1316,30504,31752.50771803105,29933.513911256763,33682.03777787916,-0.9523935906519865
1329,2024-11-01,1325,"5 nearest past-state peers, same region when possible",1325,27232,25626.6116560081,24371.34873786583,26946.527745815627,3.1260577683987303
2145,2024-11-01,2150,"5 nearest past-state peers, same region when possible",2150,30826,30532.12134595023,28687.081811490043,32495.826519044924,0.7834512595861355
2145,2024-11-01,2152,"5 nearest past-state peers, same region when possible",2152,26162,26284.887309874583,24966.828217573082,27672.529921382415,0.3632277841772367
2145,2024-11-01,2160,"5 nearest past-state peers, same region when possible",2160,32546,29774.52586374048,27742.516011081967,31955.37095685274,3.065356495581958
2145,2024-11-01,2162,"5 nearest past-state peers, same region when possible",2162,30292,30227.19867385755,28592.13877818527,31955.76052414665,0.5954997844070985
2145,2024-11-01,2156,"5 nearest past-state peers, same region when possible",2156,30023,29727.42937728792,28047.473152908387,31508.009743473216,0.8509094991384055
