model,window,horizon,n,mae_rub,bias_rub
component_median,earlier,1,8064,1137.6688238872862,-1008.5939143618895
component_median,earlier,2,8064,1551.2362211617049,-1324.0668419099452
component_median,earlier,3,8064,1519.731979737027,-1175.0408552917236
component_median,later_origins,1,4032,849.8334774378367,540.1521229897834
component_median,later_origins,2,2016,1093.5576887804082,764.2691632801212
component_median,public_origins_jun_sep,1,8064,629.4794481508958,-2.636874676115929
component_median,public_origins_jun_sep,2,8064,749.0544113182692,117.81557403416923
component_median,public_origins_jun_sep,3,8064,850.8707249842565,237.2575577464537
ridge_light,earlier,1,8064,1068.3502356845838,-912.5610651063002
ridge_light,earlier,2,8064,1406.968791838565,-1169.429376974765
ridge_light,earlier,3,8064,1406.0095952248778,-1033.036688341563
ridge_light,later_origins,1,4032,751.9734633348454,436.4684754098635
ridge_light,later_origins,2,2016,1001.0497299062813,662.274038974904
ridge_light,public_origins_jun_sep,1,8064,601.7574702052759,48.07128309695549
ridge_light,public_origins_jun_sep,2,8064,698.0515792486233,160.05116083127277
ridge_light,public_origins_jun_sep,3,8064,808.223005920097,275.6661261345782
seasonal_blend,earlier,1,8064,1035.4142700183502,-780.8873218555985
seasonal_blend,earlier,2,8064,1318.7203295163458,-978.5237792201656
seasonal_blend,earlier,3,8064,1332.7283988161862,-816.2322314225321
seasonal_blend,later_origins,1,4032,761.4358806662718,380.13517723059476
seasonal_blend,later_origins,2,2016,962.5358907488595,565.9107239474572
seasonal_blend,public_origins_jun_sep,1,8064,649.2062684688442,105.00292631636316
seasonal_blend,public_origins_jun_sep,2,8064,759.0196553979235,242.28942508987296
seasonal_blend,public_origins_jun_sep,3,8064,889.1742852165708,357.78592911340957
structure_macro_prices_wages,earlier,1,8064,1076.1562323454314,-928.9712280393492
structure_macro_prices_wages,earlier,2,8064,1427.8046538174963,-1195.3809397312996
structure_macro_prices_wages,earlier,3,8064,1418.1801359730152,-1054.7755403038643
structure_macro_prices_wages,later_origins,1,4032,770.5128184668291,465.36091148003175
structure_macro_prices_wages,later_origins,2,2016,1022.2501420711633,695.8903953651889
structure_macro_prices_wages,public_origins_jun_sep,1,8064,604.382818107931,41.28087897240235
structure_macro_prices_wages,public_origins_jun_sep,2,8064,706.6566882487523,157.29470983869166
structure_macro_prices_wages,public_origins_jun_sep,3,8064,809.6830308118581,267.94754691463214
