interval_method,nominal,date,n,coverage,mean_width_rub,median_width_rub,interval_score
adaptive_log,0.5,2024-07-01,2016,0.5729166666666666,1188.140228909885,1073.8037202726373,2178.19823894999
adaptive_log,0.5,2024-08-01,4032,0.7160218253968254,1874.8115446531197,1742.090816155298,2470.622425698105
adaptive_log,0.5,2024-09-01,6048,0.6499669312169312,2027.6274720163271,1231.5944189676466,2781.2650611370823
adaptive_log,0.5,2024-10-01,6048,0.6063161375661376,1513.9607229332712,1178.0219164767987,2443.4529737598027
adaptive_log,0.5,2024-11-01,6048,0.4957010582010582,1139.7733084221397,1047.3627955812717,2469.6033373439777
adaptive_log,0.5,2024-12-01,6048,0.4417989417989418,1397.0168979684138,1282.9874849558728,2983.434891362129
adaptive_log,0.8,2024-07-01,2016,0.8675595238095238,2540.5847958583786,2296.0761341291945,3442.486278309847
adaptive_log,0.8,2024-08-01,4032,0.9161706349206349,3453.0691592768444,3232.4382447180196,3916.976849063736
adaptive_log,0.8,2024-09-01,6048,0.8639219576719577,3503.4136424054523,2607.6184603985585,4170.8237184772925
adaptive_log,0.8,2024-10-01,6048,0.8492063492063492,2987.661460359421,2419.967200345198,3897.017760518409
adaptive_log,0.8,2024-11-01,6048,0.7876984126984127,2360.487375765207,2171.2601319322494,3754.5478507431603
adaptive_log,0.8,2024-12-01,6048,0.7703373015873016,2855.1921389933323,2624.005158134016,4285.505702631413
adaptive_log,0.9,2024-07-01,2016,0.9325396825396826,3380.44517601853,3055.075457192348,4445.755382872747
adaptive_log,0.9,2024-08-01,4032,0.9561011904761905,4430.108294145353,4147.197259629544,4882.9144239699035
adaptive_log,0.9,2024-09-01,6048,0.9303902116402116,4378.408778561044,3495.5094464612284,5038.152007908941
adaptive_log,0.9,2024-10-01,6048,0.9221230158730159,3912.0362742272628,3294.2171895586234,4933.156471761481
adaptive_log,0.9,2024-11-01,6048,0.878968253968254,3221.9867519238314,2963.0152304927597,4750.603126705844
adaptive_log,0.9,2024-12-01,6048,0.8872354497354498,3939.111802424563,3616.4532915564287,5282.813600279421
adaptive_log,0.95,2024-07-01,2016,0.9662698412698413,4223.220877714028,3816.682110720436,5559.596754830583
adaptive_log,0.95,2024-08-01,4032,0.9769345238095238,5311.107411005117,4956.735883935815,5750.8490659175495
adaptive_log,0.95,2024-09-01,6048,0.96875,5224.779956151626,4381.863964663558,5890.617070676831
adaptive_log,0.95,2024-10-01,6048,0.9563492063492064,4758.137311594013,4150.080820200519,5936.828259825375
adaptive_log,0.95,2024-11-01,6048,0.9289021164021164,4043.1315237210733,3717.205769039958,5743.330990549751
adaptive_log,0.95,2024-12-01,6048,0.9457671957671958,5020.13878992799,4607.354388386188,6339.617855079582
global_log,0.5,2024-07-01,2016,0.8561507936507936,2591.008492201488,2240.9545211446675,2967.8692052337456
global_log,0.5,2024-08-01,4032,0.7688492063492064,2073.5555059708513,1886.021134394341,2567.5375672390937
global_log,0.5,2024-09-01,6048,0.6312830687830688,1638.2643871145897,1450.9349832044609,2453.094071217892
global_log,0.5,2024-10-01,6048,0.5547288359788359,1219.4116868519673,1077.0161919013426,2307.4354198578367
global_log,0.5,2024-11-01,6048,0.4976851851851852,1112.3841962604195,968.5836577577375,2508.531732881006
global_log,0.5,2024-12-01,6048,0.43386243386243384,1312.7007984709319,1152.1437790008076,3000.5519179409553
global_log,0.8,2024-07-01,2016,0.970734126984127,4872.6453373932845,4214.334546425263,5127.843661259573
global_log,0.8,2024-08-01,4032,0.9610615079365079,4197.361979281429,3738.9261705854497,4460.070064788593
global_log,0.8,2024-09-01,6048,0.8860780423280423,3355.250010659465,3043.1411595230184,3940.536756637061
global_log,0.8,2024-10-01,6048,0.8420965608465608,2681.2557941062446,2381.8250422391357,3699.4747799949278
global_log,0.8,2024-11-01,6048,0.7731481481481481,2415.902969705531,2102.1453530390536,3978.2249671630307
global_log,0.8,2024-12-01,6048,0.7738095238095238,2906.267328701099,2546.057452023746,4486.22172264135
global_log,0.9,2024-07-01,2016,0.9885912698412699,6243.56345802703,5400.037013167483,6473.911150102083
global_log,0.9,2024-08-01,4032,0.9833829365079365,5608.951372758263,4944.154338304441,5792.3173383901385
global_log,0.9,2024-09-01,6048,0.9527116402116402,4530.887595846015,4089.339406422101,5026.659133881735
global_log,0.9,2024-10-01,6048,0.9231150793650794,3761.5783848404185,3343.6263167849356,4813.999867585131
global_log,0.9,2024-11-01,6048,0.8745039682539683,3386.2279453787296,2945.445053784739,5126.627506653251
global_log,0.9,2024-12-01,6048,0.8869047619047619,4111.892617024497,3605.406011563162,5659.26820833161
global_log,0.95,2024-07-01,2016,0.9950396825396826,7350.716502910018,6357.609953973064,7577.738418596478
global_log,0.95,2024-08-01,4032,0.9933035714285714,6839.877106060301,5989.065703510889,6966.872152349496
global_log,0.95,2024-09-01,6048,0.9793320105820106,5604.759405728698,5020.36452851725,6038.082732468652
global_log,0.95,2024-10-01,6048,0.9621362433862434,4808.577427360687,4272.085772330995,5968.163088249672
global_log,0.95,2024-11-01,6048,0.9284060846560847,4323.283498890671,3762.932203894581,6294.337342766179
global_log,0.95,2024-12-01,6048,0.9436177248677249,5271.298087973317,4623.220403864558,6886.2141994845715
horizon_log,0.5,2024-07-01,2016,0.5803571428571429,1208.250727140088,1045.0119858003,2200.427872957977
horizon_log,0.5,2024-08-01,4032,0.7090773809523809,1861.2825912745586,1740.34508735901,2483.6860734871993
horizon_log,0.5,2024-09-01,6048,0.6491402116402116,2027.4168888888,1277.383137796387,2803.8410606492475
horizon_log,0.5,2024-10-01,6048,0.6064814814814815,1500.4291742015405,1196.6552475735916,2467.662214080923
horizon_log,0.5,2024-11-01,6048,0.4978505291005291,1130.3273975634338,992.3512726858316,2512.494968299468
horizon_log,0.5,2024-12-01,6048,0.4436177248677249,1371.1871566028071,1211.4896849170054,3010.475112802941
horizon_log,0.8,2024-07-01,2016,0.8655753968253969,2672.5873795878774,2311.5118261742427,3566.1119251052046
horizon_log,0.8,2024-08-01,4032,0.9171626984126984,3559.4218522591973,3292.923287713562,4021.323413309004
horizon_log,0.8,2024-09-01,6048,0.8673941798941799,3583.128348357056,2834.4406334632276,4269.254948476373
horizon_log,0.8,2024-10-01,6048,0.8467261904761905,3077.912847644809,2528.766307448317,4034.14433160753
horizon_log,0.8,2024-11-01,6048,0.7805886243386243,2456.450180560384,2147.7915882267935,3964.215846712433
horizon_log,0.8,2024-12-01,6048,0.7784391534391535,2976.177051524705,2615.4899934963887,4487.080824534703
horizon_log,0.9,2024-07-01,2016,0.9300595238095238,3500.095453292809,3027.2207729547117,4578.783879178466
horizon_log,0.9,2024-08-01,4032,0.9618055555555556,4599.673492979217,4206.201569994837,5047.244299929084
horizon_log,0.9,2024-09-01,6048,0.9332010582010583,4500.594504588273,3829.4668553621086,5198.288121572968
horizon_log,0.9,2024-10-01,6048,0.9191468253968254,4093.4374510907924,3519.1987343960427,5157.132962184219
horizon_log,0.9,2024-11-01,6048,0.8771494708994709,3412.281120665969,2983.518776340954,5088.91745531949
horizon_log,0.9,2024-12-01,6048,0.8923611111111112,4187.215744484366,3677.4775682510844,5646.797515426462
horizon_log,0.95,2024-07-01,2016,0.9642857142857143,4350.627885240094,3762.8434096574492,5708.615428752244
horizon_log,0.95,2024-08-01,4032,0.9776785714285714,5521.571951038068,4996.4532501000085,5958.585329992666
horizon_log,0.95,2024-09-01,6048,0.9672619047619048,5402.954063082487,4785.859724801929,6106.372584815678
horizon_log,0.95,2024-10-01,6048,0.9580026455026455,5030.36310025377,4453.216219067135,6255.894814637968
horizon_log,0.95,2024-11-01,6048,0.9330357142857143,4366.901992241438,3821.2223682955446,6233.659627360883
horizon_log,0.95,2024-12-01,6048,0.9462632275132276,5314.037656468568,4672.299201839032,6834.6532941342375
