origin,horizon,training_end,calibration_start,calibration_end,global_train_median_log_error,training_months,interpretation
2024-06-01,1,2024-04-01,2024-05-01,2024-06-01,0.04698487862430001,2,"municipal median of older matured absolute log errors, shrunk to horizon median; no calibration labels used in scale fit"
2024-06-01,2,2024-04-01,2024-05-01,2024-06-01,0.08426848088892888,1,"municipal median of older matured absolute log errors, shrunk to horizon median; no calibration labels used in scale fit"
2024-06-01,3,,2024-05-01,2024-06-01,0.043982352740290664,0,"municipal median of older matured absolute log errors, shrunk to horizon median; no calibration labels used in scale fit"
2024-07-01,1,2024-05-01,2024-06-01,2024-07-01,0.035541456053385934,3,"municipal median of older matured absolute log errors, shrunk to horizon median; no calibration labels used in scale fit"
2024-07-01,2,2024-05-01,2024-06-01,2024-07-01,0.06992995210334149,2,"municipal median of older matured absolute log errors, shrunk to horizon median; no calibration labels used in scale fit"
2024-07-01,3,2024-05-01,2024-06-01,2024-07-01,0.06680717644927026,1,"municipal median of older matured absolute log errors, shrunk to horizon median; no calibration labels used in scale fit"
2024-08-01,1,2024-06-01,2024-07-01,2024-08-01,0.03050941083068482,4,"municipal median of older matured absolute log errors, shrunk to horizon median; no calibration labels used in scale fit"
2024-08-01,2,2024-06-01,2024-07-01,2024-08-01,0.05646390712860849,3,"municipal median of older matured absolute log errors, shrunk to horizon median; no calibration labels used in scale fit"
2024-08-01,3,2024-06-01,2024-07-01,2024-08-01,0.06530974221500355,2,"municipal median of older matured absolute log errors, shrunk to horizon median; no calibration labels used in scale fit"
2024-09-01,1,2024-07-01,2024-08-01,2024-09-01,0.02630839693206037,5,"municipal median of older matured absolute log errors, shrunk to horizon median; no calibration labels used in scale fit"
2024-09-01,2,2024-07-01,2024-08-01,2024-09-01,0.04405664310273444,4,"municipal median of older matured absolute log errors, shrunk to horizon median; no calibration labels used in scale fit"
2024-09-01,3,2024-07-01,2024-08-01,2024-09-01,0.05060877638473418,3,"municipal median of older matured absolute log errors, shrunk to horizon median; no calibration labels used in scale fit"
2024-10-01,1,2024-08-01,2024-09-01,2024-10-01,0.023594173110661407,6,"municipal median of older matured absolute log errors, shrunk to horizon median; no calibration labels used in scale fit"
2024-10-01,2,2024-08-01,2024-09-01,2024-10-01,0.035859093943450576,5,"municipal median of older matured absolute log errors, shrunk to horizon median; no calibration labels used in scale fit"
2024-10-01,3,2024-08-01,2024-09-01,2024-10-01,0.04111137141375461,4,"municipal median of older matured absolute log errors, shrunk to horizon median; no calibration labels used in scale fit"
2024-11-01,1,2024-09-01,2024-10-01,2024-11-01,0.022150076734037374,7,"municipal median of older matured absolute log errors, shrunk to horizon median; no calibration labels used in scale fit"
2024-11-01,2,2024-09-01,2024-10-01,2024-11-01,0.031521394628003546,6,"municipal median of older matured absolute log errors, shrunk to horizon median; no calibration labels used in scale fit"
2024-11-01,3,2024-09-01,2024-10-01,2024-11-01,0.0360587831809672,5,"municipal median of older matured absolute log errors, shrunk to horizon median; no calibration labels used in scale fit"
