interval_method,nominal,window,n,coverage,mean_width_rub,median_width_rub,interval_score
adaptive_log,0.5,later_origins,6048,0.40674603174603174,1194.439946710032,1097.1859091227652,2738.0490355591455
adaptive_log,0.5,public_origins_jun_sep,24192,0.6138392857142857,1632.4648901755404,1239.2832941856595,2578.2137312064783
adaptive_log,0.8,later_origins,6048,0.751984126984127,2469.5533185627582,2264.348491638353,3879.486891213019
adaptive_log,0.8,public_origins_jun_sep,24192,0.8547867063492064,3096.527250941169,2565.315712284186,3996.805366659091
adaptive_log,0.9,later_origins,6048,0.8786375661375662,3437.277295110287,3154.1393213112387,4754.330581362417
adaptive_log,0.9,public_origins_jun_sep,24192,0.9220816798941799,4023.6217250323734,3459.1561263027506,4996.897342224364
adaptive_log,0.95,later_origins,6048,0.937665343915344,4371.55613104695,4016.0377011278706,5692.033306175554
adaptive_log,0.95,public_origins_jun_sep,24192,0.958870701058201,4905.777504230627,4333.309065297224,5976.364791377803
global_log,0.5,later_origins,6048,0.4451058201058201,1239.0457351894463,1088.9286553293114,2762.9373350473434
global_log,0.5,public_origins_jun_sep,24192,0.6176008597883598,1572.4387920557149,1308.8658909956157,2551.914313355248
global_log,0.8,later_origins,6048,0.7848875661375662,2764.977268069086,2432.1127468243376,4143.259623293752
global_log,0.8,public_origins_jun_sep,24192,0.8636326058201058,3254.0388167721585,2864.793536852985,4160.964966688718
global_log,0.9,later_origins,6048,0.8948412698412699,3935.6897305509533,3460.561323914646,5236.095923642155
global_log,0.9,public_origins_jun_sep,24192,0.9318783068783069,4418.846386763306,3949.104703481149,5352.493517109257
global_log,0.95,later_origins,6048,0.9479166666666666,5046.420618616026,4444.219374879698,6345.797019046828
global_log,0.95,public_origins_jun_sep,24192,0.964864417989418,5492.913676586889,4912.636389211582,6502.873646255184
horizon_log,0.5,later_origins,6048,0.41633597883597884,1167.3586817890152,1033.8083174597487,2762.2842860232095
horizon_log,0.5,public_origins_jun_sep,24192,0.6117311507936508,1626.4018096743255,1231.6011611198446,2605.3639357800403
horizon_log,0.8,later_origins,6048,0.765542328042328,2620.6291688305196,2312.3476920372286,4121.309914379897
horizon_log,0.8,public_origins_jun_sep,24192,0.8518931878306878,3184.212405156298,2648.3228982993596,4125.743071881387
horizon_log,0.9,later_origins,6048,0.8844246031746031,3758.1364115981487,3318.691268646042,5208.744855247682
horizon_log,0.9,public_origins_jun_sep,24192,0.9221643518518519,4167.134972245416,3587.6395891777192,5193.370506400251
horizon_log,0.95,later_origins,6048,0.9403108465608465,4782.251463539724,4219.239195681279,6295.7796406052485
horizon_log,0.95,public_origins_jun_sep,24192,0.9593667328042328,5115.815652736321,4491.069787711771,6252.515677480677
