interval_method,nominal,window,horizon,n,coverage,mean_width_rub,median_width_rub,interval_score
adaptive_log,0.5,later_origins,1,4032,0.4283234126984127,1122.1354862029102,1029.8626668705965,2474.6579953848764
adaptive_log,0.5,later_origins,2,2016,0.3635912698412698,1339.0488677242759,1213.8745087447842,3264.831115907685
adaptive_log,0.5,public_origins_jun_sep,1,8064,0.5337301587301587,1030.613862013555,952.4215068244812,2012.8708600142265
adaptive_log,0.5,public_origins_jun_sep,2,8064,0.6109871031746031,1533.734643472152,1225.6604928284196,2483.893669739487
adaptive_log,0.5,public_origins_jun_sep,3,8064,0.6968005952380952,2333.0461650409143,1952.2159233112961,3237.8766638657216
adaptive_log,0.8,later_origins,1,4032,0.7757936507936508,2331.51413479131,2145.960385800261,3517.311967114646
adaptive_log,0.8,later_origins,2,2016,0.7043650793650794,2745.6316861056553,2488.880572641816,4603.836739409767
adaptive_log,0.8,public_origins_jun_sep,1,8064,0.8203125,2165.889135317706,2001.7538127455337,3102.9399434644083
adaptive_log,0.8,public_origins_jun_sep,2,8064,0.855406746031746,2950.2952144510173,2528.3326988413737,3856.393358963343
adaptive_log,0.8,public_origins_jun_sep,3,8064,0.888640873015873,4173.397403054785,3785.3771220529343,5031.082797549522
adaptive_log,0.9,later_origins,1,4032,0.888640873015873,3218.8746390637557,2963.0562845335044,4344.4799748506075
adaptive_log,0.9,later_origins,2,2016,0.8586309523809523,3874.0826072033506,3511.6181774749384,5574.031794386036
adaptive_log,0.9,public_origins_jun_sep,1,8064,0.9056299603174603,2927.269216276065,2703.580577107914,3939.4821097339077
adaptive_log,0.9,public_origins_jun_sep,2,8064,0.9243551587301587,3880.6093773511025,3413.157997880191,4842.245748117797
adaptive_log,0.9,public_origins_jun_sep,3,8064,0.9362599206349206,5262.9865814699515,4772.027420350676,6208.964168821387
adaptive_log,0.95,later_origins,1,4032,0.9429563492063492,4141.7784537718435,3791.3338376814463,5227.622945890828
adaptive_log,0.95,later_origins,2,2016,0.9270833333333334,4831.111485597165,4378.7444987978815,6620.8540267450035
adaptive_log,0.95,public_origins_jun_sep,1,8064,0.9526289682539683,3688.6650628554285,3408.2867381716114,4816.851631410087
adaptive_log,0.95,public_origins_jun_sep,2,8064,0.9590773809523809,4751.8554905174315,4248.85296032218,5801.952144486956
adaptive_log,0.95,public_origins_jun_sep,3,8064,0.964905753968254,6276.8119593190195,5662.435705987989,7310.290598236365
global_log,0.5,later_origins,1,4032,0.4816468253968254,1199.3411421220828,1051.5023854768824,2503.323368697598
global_log,0.5,later_origins,2,2016,0.37202380952380953,1318.4549213241735,1155.5374483323085,3282.165267746834
global_log,0.5,public_origins_jun_sep,1,8064,0.6636904761904762,1566.4416848471265,1295.3230887183818,2292.6755916632214
global_log,0.5,public_origins_jun_sep,2,8064,0.6139632936507936,1562.617224102412,1265.9670417945981,2523.5702111744167
global_log,0.5,public_origins_jun_sep,3,8064,0.5751488095238095,1588.257467217606,1358.9936036857325,2839.4971372281057
global_log,0.8,later_origins,1,4032,0.8134920634920635,2687.859935929077,2360.6402665097594,3834.5577267344934
global_log,0.8,later_origins,2,2016,0.7276785714285714,2919.2119323491033,2558.493773954762,4760.663416412268
global_log,0.8,public_origins_jun_sep,1,8064,0.8932291666666666,3239.6863920956976,2846.6956460851816,3839.6893954529924
global_log,0.8,public_origins_jun_sep,2,8064,0.8645833333333334,3226.7025756441008,2784.5002473574496,4098.339882154957
global_log,0.8,public_origins_jun_sep,3,8064,0.8330853174603174,3295.727482576677,2933.648760618351,4544.865622458205
global_log,0.9,later_origins,1,4032,0.9084821428571429,3838.508461185668,3380.4110135219053,4904.12838115746
global_log,0.9,later_origins,2,2016,0.8675595238095238,4130.052269281524,3619.7142454680998,5900.031008611546
global_log,0.9,public_origins_jun_sep,1,8064,0.9499007936507936,4397.317061288921,3953.343278722965,4960.377019689296
global_log,0.9,public_origins_jun_sep,2,8064,0.9342757936507936,4376.7838452983115,3877.183489473824,5271.548088443082
global_log,0.9,public_origins_jun_sep,3,8064,0.9114583333333334,4482.438253702687,3999.3699141444467,5825.555443195392
global_log,0.95,later_origins,1,4032,0.9553571428571429,4953.386704213177,4375.744135277144,5954.873975967561
global_log,0.95,later_origins,2,2016,0.9330357142857143,5232.488447421727,4585.925731074236,7127.64310520536
global_log,0.95,public_origins_jun_sep,1,8064,0.9778025793650794,5462.919766555093,4931.668717949562,6026.286563018688
global_log,0.95,public_origins_jun_sep,2,8064,0.9655257936507936,5435.804815094003,4854.306449067713,6400.066810251415
global_log,0.95,public_origins_jun_sep,3,8064,0.9512648809523809,5580.016448111568,4951.93050622032,7082.26756549545
horizon_log,0.5,later_origins,1,4032,0.4382440476190476,1090.1193693699327,963.0520044732748,2502.6596086555423
horizon_log,0.5,later_origins,2,2016,0.3725198412698413,1321.8373066271797,1158.5018825492862,3281.5336407585446
horizon_log,0.5,public_origins_jun_sep,1,8064,0.535094246031746,1026.810009225465,907.007457843587,2045.6272771539097
horizon_log,0.5,public_origins_jun_sep,2,8064,0.6067708333333334,1528.8633254079182,1212.1404641832796,2512.2518395169704
horizon_log,0.5,public_origins_jun_sep,3,8064,0.693328373015873,2323.5320943895936,1933.583994674591,3258.212690669241
horizon_log,0.8,later_origins,1,4032,0.7881944444444444,2485.1948626207927,2192.315020273654,3799.557449000739
horizon_log,0.8,later_origins,2,2016,0.7202380952380952,2891.4977812499733,2534.2041763918623,4764.814845138213
horizon_log,0.8,public_origins_jun_sep,1,8064,0.8206845238095238,2271.11207703911,2006.1792042517736,3252.070583474239
horizon_log,0.8,public_origins_jun_sep,2,8064,0.8520585317460317,3053.034892338461,2605.3939237489994,3995.6890870723296
horizon_log,0.8,public_origins_jun_sep,3,8064,0.8829365079365079,4228.490246091324,3835.627477570775,5129.469545097592
horizon_log,0.9,later_origins,1,4032,0.8938492063492064,3580.6172241196464,3161.565337414042,4862.593951536479
horizon_log,0.9,later_origins,2,2016,0.8655753968253969,4113.174786555152,3604.92226205746,5901.046662670086
horizon_log,0.9,public_origins_jun_sep,1,8064,0.9073660714285714,3082.8937547255655,2705.73400161666,4168.912954323309
horizon_log,0.9,public_origins_jun_sep,2,8064,0.9234871031746031,4050.012116055888,3536.4759663115583,5060.216109984898
horizon_log,0.9,public_origins_jun_sep,3,8064,0.9356398809523809,5368.499045954795,4851.587484282512,6350.9824548925435
horizon_log,0.95,later_origins,1,4032,0.9446924603174603,4568.762532560264,4033.968722205045,5879.229213350869
horizon_log,0.95,later_origins,2,2016,0.9315476190476191,5209.229325498644,4565.540668253543,7128.880495114006
horizon_log,0.95,public_origins_jun_sep,1,8064,0.9527529761904762,3922.06667627613,3435.90705854123,5120.624863218809
horizon_log,0.95,public_origins_jun_sep,2,8064,0.9587053571428571,4968.4540409107585,4394.907579917564,6111.3388235387465
horizon_log,0.95,public_origins_jun_sep,3,8064,0.9666418650793651,6456.926241022074,5762.053927447805,7525.583345684476
