model,date,horizon,n,mae_rub,bias_rub
component_median,2024-03-01,1,2016,862.2821496132643,-760.805534140623
component_median,2024-04-01,1,2016,2245.433927199367,-2240.2003370099796
component_median,2024-04-01,2,2016,2490.001118330475,-2483.1312202310887
component_median,2024-05-01,1,2016,678.4135830980354,-456.6267197527645
component_median,2024-05-01,2,2016,1844.0100816195736,-1805.0852559033326
component_median,2024-05-01,3,2016,2123.1044457606795,-2088.591309354977
component_median,2024-06-01,1,2016,764.5456356384773,-576.7430665441906
component_median,2024-06-01,2,2016,1049.655914844351,-919.2064626458489
component_median,2024-06-01,3,2016,2087.468758422515,-2053.720960270875
component_median,2024-07-01,1,2016,678.172261256531,184.7182563159876
component_median,2024-07-01,2,2016,821.2777698524201,-88.84442885951114
component_median,2024-07-01,3,2016,923.5213781469387,-418.1952130480606
component_median,2024-08-01,1,2016,576.0143012486125,35.33739953525621
component_median,2024-08-01,2,2016,776.2396692602327,199.6651492682257
component_median,2024-08-01,3,2016,944.833336617975,-139.6559384929825
component_median,2024-09-01,1,2016,639.2200994743811,142.74949641432755
component_median,2024-09-01,2,2016,696.6814836373003,302.1538185617375
component_median,2024-09-01,3,2016,823.807486312806,465.35175560863104
component_median,2024-10-01,1,2016,624.5111306240588,-373.35265097003503
component_median,2024-10-01,2,2016,810.1507103478995,-327.5733298917891
component_median,2024-10-01,3,2016,795.2854176651359,-213.651496343042
component_median,2024-11-01,1,2016,712.3870028785824,501.0188793589395
component_median,2024-11-01,2,2016,713.1457820276441,297.01665819850285
component_median,2024-11-01,3,2016,857.2283004158761,314.9750283366397
component_median,2024-12-01,1,2016,987.279951997091,579.2853666206273
component_median,2024-12-01,2,2016,1093.5576887804082,764.2691632801212
component_median,2024-12-01,3,2016,927.1616955432082,382.3549433835861
ridge_light,2024-03-01,1,2016,891.3433093477453,-788.2001810759747
ridge_light,2024-04-01,1,2016,1962.2141988828937,-1953.9912529935702
ridge_light,2024-04-01,2,2016,2385.9996474301843,-2376.332580259614
ridge_light,2024-05-01,1,2016,689.1435822458084,-369.364565423678
ridge_light,2024-05-01,2,2016,1560.1328400418656,-1508.3487919704185
ridge_light,2024-05-01,3,2016,1998.8784637200793,-1961.1311399298907
ridge_light,2024-06-01,1,2016,730.6998522618883,-538.6882609319781
ridge_light,2024-06-01,2,2016,931.5666427273092,-755.0298275637535
ridge_light,2024-06-01,3,2016,1879.883176360364,-1838.1938622956798
ridge_light,2024-07-01,1,2016,643.602735092593,204.1426041004504
ridge_light,2024-07-01,2,2016,750.176037154901,-38.006308105274236
ridge_light,2024-07-01,3,2016,884.7485915254258,-263.3883993890379
ridge_light,2024-08-01,1,2016,565.5938553640045,59.05318512168588
ridge_light,2024-08-01,2,2016,737.575730190795,200.54172370094156
ridge_light,2024-08-01,3,2016,860.5281492936424,-69.43335175164262
ridge_light,2024-09-01,1,2016,595.8707118861153,279.04372164169536
ridge_light,2024-09-01,2,2016,673.52055535275,355.6404457144646
ridge_light,2024-09-01,3,2016,792.0126301449322,463.93096044288694
ridge_light,2024-10-01,1,2016,601.9625784783913,-349.95437847600965
ridge_light,2024-10-01,2,2016,679.0383791055929,-232.17384035183954
ridge_light,2024-10-01,3,2016,707.8120179649583,-176.6975159301113
ridge_light,2024-11-01,1,2016,700.626509061784,482.24620946641943
ridge_light,2024-11-01,2,2016,702.0716523453553,316.19631426152444
ridge_light,2024-11-01,3,2016,811.0137587835815,413.045769519116
ridge_light,2024-12-01,1,2016,803.3204176079068,390.6907413533076
ridge_light,2024-12-01,2,2016,1001.0497299062813,662.274038974904
ridge_light,2024-12-01,3,2016,922.0536167869158,402.3852905064209
seasonal_blend,2024-03-01,1,2016,846.9823448180892,-714.6147845163418
seasonal_blend,2024-04-01,1,2016,1766.701261344116,-1740.6978833904261
seasonal_blend,2024-04-01,2,2016,2147.501459525541,-2125.593905112372
seasonal_blend,2024-05-01,1,2016,791.6074071864518,-231.37078370829974
seasonal_blend,2024-05-01,2,2016,1407.1105840882378,-1267.4385367338487
seasonal_blend,2024-05-01,3,2016,1761.5256691277036,-1675.9623968336948
seasonal_blend,2024-06-01,1,2016,736.3660667247441,-436.86583580732673
seasonal_blend,2024-06-01,2,2016,937.2684887592754,-578.0518138622867
seasonal_blend,2024-06-01,3,2016,1683.987881981984,-1572.195951682534
seasonal_blend,2024-07-01,1,2016,652.5137833052287,213.62588625817673
seasonal_blend,2024-07-01,2,2016,783.000785692329,56.989138827844464
seasonal_blend,2024-07-01,3,2016,975.8430495096005,-89.07607148942984
seasonal_blend,2024-08-01,1,2016,620.9499239119655,109.22140421996517
seasonal_blend,2024-08-01,2,2016,762.5514998335589,247.02047086363604
seasonal_blend,2024-08-01,3,2016,909.5569946454572,72.30549431553041
seasonal_blend,2024-09-01,1,2016,683.8230461103135,398.30614624051424
seasonal_blend,2024-09-01,2,2016,787.2215553367578,469.7503844319171
seasonal_blend,2024-09-01,3,2016,919.7613855447792,582.5168164146827
seasonal_blend,2024-10-01,1,2016,639.5383205478691,-301.14173145320353
seasonal_blend,2024-10-01,2,2016,683.7250607450286,-126.38410307994526
seasonal_blend,2024-10-01,3,2016,761.3443246946158,-68.83743903519469
seasonal_blend,2024-11-01,1,2016,774.807215396344,500.67302876067936
seasonal_blend,2024-11-01,2,2016,802.5805056763486,378.77094814388397
seasonal_blend,2024-11-01,3,2016,920.5786366338903,543.7963229384092
seasonal_blend,2024-12-01,1,2016,748.0645459361997,259.5973257005103
seasonal_blend,2024-12-01,2,2016,962.5358907488595,565.9107239474572
seasonal_blend,2024-12-01,3,2016,955.0127939929979,373.66801613574097
structure_macro_prices_wages,2024-03-01,1,2016,878.7563290751477,-776.9264204276368
structure_macro_prices_wages,2024-04-01,1,2016,2021.5043587399905,-2014.4296245058931
structure_macro_prices_wages,2024-04-01,2,2016,2402.09264409661,-2394.1814951238184
structure_macro_prices_wages,2024-05-01,1,2016,674.0714416727245,-381.3906806871669
structure_macro_prices_wages,2024-05-01,2,2016,1608.4697932530953,-1562.2158225051776
structure_macro_prices_wages,2024-05-01,3,2016,2011.055596554537,-1977.1391012148576
structure_macro_prices_wages,2024-06-01,1,2016,730.2927998938629,-543.1381865366997
structure_macro_prices_wages,2024-06-01,2,2016,941.8851222707074,-783.6845711776738
structure_macro_prices_wages,2024-06-01,3,2016,1910.135204578348,-1871.5176107833543
structure_macro_prices_wages,2024-07-01,1,2016,655.7334983573212,211.3424904281316
structure_macro_prices_wages,2024-07-01,2,2016,758.7710556495722,-41.44187011852809
structure_macro_prices_wages,2024-07-01,3,2016,881.4150125017594,-290.756698906667
structure_macro_prices_wages,2024-08-01,1,2016,564.5253243783075,52.36376045045974
structure_macro_prices_wages,2024-08-01,2,2016,748.0190688894601,211.8266985093902
structure_macro_prices_wages,2024-08-01,3,2016,870.1147302574163,-79.68875031057854
structure_macro_prices_wages,2024-09-01,1,2016,593.5161459578062,252.1448053959873
structure_macro_prices_wages,2024-09-01,2,2016,672.641260022066,349.64613961120824
structure_macro_prices_wages,2024-09-01,3,2016,793.4362986697386,465.8995516856609
structure_macro_prices_wages,2024-10-01,1,2016,603.7563037382896,-350.7275403849693
structure_macro_prices_wages,2024-10-01,2,2016,700.2693033862301,-247.79011935569127
structure_macro_prices_wages,2024-10-01,3,2016,719.2868109502447,-180.1455733564066
structure_macro_prices_wages,2024-11-01,1,2016,705.809496818334,492.7892788855183
structure_macro_prices_wages,2024-11-01,2,2016,705.6971206972528,315.4961205898594
structure_macro_prices_wages,2024-11-01,3,2016,812.1756246584312,392.6550802854131
structure_macro_prices_wages,2024-12-01,1,2016,835.2161401153245,437.9325440745452
structure_macro_prices_wages,2024-12-01,2,2016,1022.2501420711633,695.8903953651889
structure_macro_prices_wages,2024-12-01,3,2016,913.833388969018,393.3811290438613
