model,window,spending_quintile,n,mae_rub,bias_rub
component_median,earlier,1,4848,1082.9096603937592,-861.8813504302639
component_median,earlier,2,4836,1172.0757367364304,-963.1714633586325
component_median,earlier,3,4836,1277.126249682213,-1076.115268891091
component_median,earlier,4,4836,1437.2166335402492,-1272.8071038527808
component_median,earlier,5,4836,2045.8607295625104,-1672.9568274133385
component_median,later_origins,1,1212,764.7100695983934,497.7362333284837
component_median,later_origins,2,1209,777.6334923322132,416.35058205911974
component_median,later_origins,3,1209,801.6327577623546,433.55309721609956
component_median,later_origins,4,1209,970.741460879815,588.6221506787418
component_median,later_origins,5,1209,1341.069441430421,1138.3175763929444
component_median,public_origins_jun_sep,1,4848,651.8571049405484,119.32960696496966
component_median,public_origins_jun_sep,2,4836,663.0699604394467,81.77913272885563
component_median,public_origins_jun_sep,3,4836,680.8625724616086,35.467022596636944
component_median,public_origins_jun_sep,4,4836,698.2955930578775,115.70950205505669
component_median,public_origins_jun_sep,5,4836,1021.8155721966942,235.1039048040189
ridge_light,earlier,1,4848,1147.5378159663878,-945.0889323339113
ridge_light,earlier,2,4836,1206.071073491412,-1007.6881424071491
ridge_light,earlier,3,4836,1253.7694124481227,-1053.8810994481578
ridge_light,earlier,4,4836,1256.1340290282947,-1048.5607885640784
ridge_light,earlier,5,4836,1605.7315814000447,-1136.7243194096616
ridge_light,later_origins,1,1212,782.3799840650013,524.3648767053604
ridge_light,later_origins,2,1209,791.458141965162,443.8061750841933
ridge_light,later_origins,3,1209,807.9509752761342,452.4788699531563
ridge_light,later_origins,4,1209,852.2762334384386,462.29199026786245
ridge_light,later_origins,5,1209,941.059660875582,675.7117362903872
ridge_light,public_origins_jun_sep,1,4848,671.1538849135,154.17116649086003
ridge_light,public_origins_jun_sep,2,4836,669.5541501566842,121.82723601973855
ridge_light,public_origins_jun_sep,3,4836,679.4065614480899,77.64664333522958
ridge_light,public_origins_jun_sep,4,4836,649.9965364027628,170.00393588917834
ridge_light,public_origins_jun_sep,5,4836,843.3538480378018,282.68289894914994
seasonal_blend,earlier,1,4848,1238.9131050347855,-1030.1175590805096
seasonal_blend,earlier,2,4836,1281.9738463899498,-1059.5440517025725
seasonal_blend,earlier,3,4836,1260.9264306579407,-1014.0019138981974
seasonal_blend,earlier,4,4836,1107.1058546234658,-748.2739915809693
seasonal_blend,earlier,5,4836,1255.8277156183199,-440.3756397669684
seasonal_blend,later_origins,1,1212,828.4653335277416,515.44133884203
seasonal_blend,later_origins,2,1209,849.4867461195067,454.14660106439567
seasonal_blend,later_origins,3,1209,852.0093310332476,469.7808334144494
seasonal_blend,later_origins,4,1209,797.6128978530616,356.66611887434846
seasonal_blend,later_origins,5,1209,814.7717879060832,414.0848183550709
seasonal_blend,public_origins_jun_sep,1,4848,730.3766476569807,120.37345032249335
seasonal_blend,public_origins_jun_sep,2,4836,725.8405449128297,116.30315697644161
seasonal_blend,public_origins_jun_sep,3,4836,734.8383750379927,106.43671434862604
seasonal_blend,public_origins_jun_sep,4,4836,714.8860409361619,277.3879773961219
seasonal_blend,public_origins_jun_sep,5,4836,923.1466392385323,554.9136663629657
structure_macro_prices_wages,earlier,1,4848,1126.8218570951665,-922.5935503087243
structure_macro_prices_wages,earlier,2,4836,1194.8787311416327,-997.5295171573316
structure_macro_prices_wages,earlier,3,4836,1255.7987808662901,-1059.6705146292725
structure_macro_prices_wages,earlier,4,4836,1282.920061012583,-1088.6864662684825
structure_macro_prices_wages,earlier,5,4836,1676.9303093837289,-1230.406369193916
structure_macro_prices_wages,later_origins,1,1212,772.7089373991914,515.1005755715737
structure_macro_prices_wages,later_origins,2,1209,781.3432868689614,437.1148681226647
structure_macro_prices_wages,later_origins,3,1209,800.2691486758442,450.14784838264586
structure_macro_prices_wages,later_origins,4,1209,875.6165404457289,500.5451366373601
structure_macro_prices_wages,later_origins,5,1209,1042.3911549820875,808.1791894966689
structure_macro_prices_wages,public_origins_jun_sep,1,4848,662.2697947541258,136.7712541023895
structure_macro_prices_wages,public_origins_jun_sep,2,4836,663.806307744959,106.93803620725535
structure_macro_prices_wages,public_origins_jun_sep,3,4836,672.9510687979785,64.71841196835433
structure_macro_prices_wages,public_origins_jun_sep,4,4836,650.3560982378573,164.14332444078715
structure_macro_prices_wages,public_origins_jun_sep,5,4836,885.265055979982,305.0140252752226
