model,window,volatility_quintile,n,mae_rub,bias_rub
component_median,earlier,1,4848,1265.7182803621645,-1105.2343952281549
component_median,earlier,2,4836,1283.946742201054,-1096.3896536162995
component_median,earlier,3,4836,1333.5614665273436,-1117.7769753108814
component_median,earlier,4,4836,1457.9428310457702,-1165.7093951736692
component_median,earlier,5,4836,1673.5660703744416,-1361.217740907926
component_median,later_origins,1,1212,903.114635478721,822.2056302021458
component_median,later_origins,2,1209,865.6712095631256,718.9390992491673
component_median,later_origins,3,1209,820.4298407612056,610.6836386963168
component_median,later_origins,4,1209,882.9407699932211,546.3007821129708
component_median,later_origins,5,1209,1183.287330559578,375.6453544349533
component_median,public_origins_jun_sep,1,4848,547.7752978886283,10.345302701386151
component_median,public_origins_jun_sep,2,4836,636.2370952367608,91.06444138199113
component_median,public_origins_jun_sep,3,4836,667.9701374919338,108.32442497604562
component_median,public_origins_jun_sep,4,4836,779.424359167806,200.31240180537827
component_median,public_origins_jun_sep,5,4836,1084.7521808223419,177.61303080151973
ridge_light,earlier,1,4848,1177.2615986457809,-1005.4136600161272
ridge_light,earlier,2,4836,1196.4942416246943,-997.6893896873529
ridge_light,earlier,3,4836,1228.5424660434035,-988.4702565410511
ridge_light,earlier,4,4836,1324.3398791297475,-1003.4031151342073
ridge_light,earlier,5,4836,1542.5319706060718,-1196.8171716336435
ridge_light,later_origins,1,1212,682.4068535620921,585.2984183178747
ridge_light,later_origins,2,1209,699.2363089223571,526.0438172876851
ridge_light,later_origins,3,1209,749.8347647524768,515.1218800082075
ridge_light,later_origins,4,1209,860.7074601320031,528.1572364440176
ridge_light,later_origins,5,1209,1183.1876805355155,403.88109638805685
ridge_light,public_origins_jun_sep,1,4848,495.38346027257927,119.27684703704583
ridge_light,public_origins_jun_sep,2,4836,594.0569922640896,154.2842963705483
ridge_light,public_origins_jun_sep,3,4836,637.9070206573418,142.90577454458983
ridge_light,public_origins_jun_sep,4,4836,752.2959286006153,215.12802854343073
ridge_light,public_origins_jun_sep,5,4836,1034.257734064066,174.82352058917155
seasonal_blend,earlier,1,4848,1114.3466825945263,-852.3095265178976
seasonal_blend,earlier,2,4836,1134.7424800882059,-838.7142410036372
seasonal_blend,earlier,3,4836,1152.3117026491966,-790.4887607982415
seasonal_blend,earlier,4,4836,1245.106240719367,-784.2643660753743
seasonal_blend,earlier,5,4836,1498.5489440955982,-1026.9774726329815
seasonal_blend,later_origins,1,1212,607.6571229166333,422.2267937098627
seasonal_blend,later_origins,2,1209,662.7094335359457,400.74637341779334
seasonal_blend,later_origins,3,1209,750.7926263914522,434.5800981346686
seasonal_blend,later_origins,4,1209,892.6920549943796,508.65580852268596
seasonal_blend,later_origins,5,1209,1229.0427697938132,444.141938366108
seasonal_blend,public_origins_jun_sep,1,4848,600.640707911707,317.2315155249448
seasonal_blend,public_origins_jun_sep,2,4836,665.2116636688562,268.2055112336841
seasonal_blend,public_origins_jun_sep,3,4836,702.3068992635997,200.5498336247926
seasonal_blend,public_origins_jun_sep,4,4836,798.7487900951247,221.69826290631585
seasonal_blend,public_origins_jun_sep,5,4836,1062.502112252007,167.24136056554042
structure_macro_prices_wages,earlier,1,4848,1187.6018607425906,-1021.2261003218049
structure_macro_prices_wages,earlier,2,4836,1206.5486996138502,-1012.0544007769984
structure_macro_prices_wages,earlier,3,4836,1240.0978024793865,-1007.2502393041633
structure_macro_prices_wages,earlier,4,4836,1341.6479166381728,-1029.5967298221035
structure_macro_prices_wages,earlier,5,4836,1561.302641157789,-1228.5142015509869
structure_macro_prices_wages,later_origins,1,1212,737.3004508104096,651.4179054178211
structure_macro_prices_wages,later_origins,2,1209,733.7844112432804,577.556909292987
structure_macro_prices_wages,later_origins,3,1209,761.9902613966776,540.3841144260865
structure_macro_prices_wages,later_origins,4,1209,860.8789865881392,531.9868061154675
structure_macro_prices_wages,later_origins,5,1209,1178.4628205829067,409.4036265569476
structure_macro_prices_wages,public_origins_jun_sep,1,4848,496.02827101612394,99.75812180291129
structure_macro_prices_wages,public_origins_jun_sep,2,4836,596.0880271985142,142.06937576301695
structure_macro_prices_wages,public_origins_jun_sep,3,4836,639.5066104357745,136.22072586816637
structure_macro_prices_wages,public_origins_jun_sep,4,4836,756.4547364711522,213.69059417182277
structure_macro_prices_wages,public_origins_jun_sep,5,4836,1046.983190377799,185.93807838883467
