model,window,n,mae_rub,bias_rub
component_median,earlier,24192,1402.8790082620058,-1169.2338705211862
component_median,later_origins,6048,931.0748812186939,614.8578030865626
component_median,public_origins_jun_sep,24192,743.1348614844737,117.478752368169
ridge_light,earlier,24192,1293.7762075826756,-1038.3423768075427
ridge_light,later_origins,6048,834.998885525324,511.73699659821034
ridge_light,public_origins_jun_sep,24192,702.6773517913321,161.26285668760212
seasonal_blend,earlier,24192,1228.9543327836275,-858.5477774994321
seasonal_blend,later_origins,6048,828.4692173604678,442.0603594695489
seasonal_blend,public_origins_jun_sep,24192,765.800069694446,235.02609350654856
structure_macro_prices_wages,earlier,24192,1307.380340711981,-1059.7092360248375
structure_macro_prices_wages,later_origins,6048,854.425259668274,542.2040727750841
structure_macro_prices_wages,public_origins_jun_sep,24192,706.9075123895138,155.50771190857537
