date,days,workdays,offdays,working_saturdays,longest_off_run,last7_off
2022-01-01,31,16,15,0,9,2
2022-02-01,28,19,9,0,2,3
2022-03-01,31,22,9,1,3,2
2022-04-01,30,21,9,0,2,2
2022-05-01,31,18,13,0,4,2
2022-06-01,30,21,9,0,3,2
2022-07-01,31,21,10,0,2,2
2022-08-01,31,23,8,0,2,2
2022-09-01,30,22,8,0,2,2
2022-10-01,31,21,10,0,2,2
2022-11-01,30,21,9,0,3,2
2022-12-01,31,22,9,0,2,2
2023-01-01,31,17,14,0,8,2
2023-02-01,28,18,10,0,4,4
2023-03-01,31,22,9,0,2,2
2023-04-01,30,20,10,0,2,2
2023-05-01,31,20,11,0,4,2
2023-06-01,30,21,9,0,3,2
2023-07-01,31,21,10,0,2,2
2023-08-01,31,23,8,0,2,2
2023-09-01,30,21,9,0,2,2
2023-10-01,31,22,9,0,2,2
2023-11-01,30,21,9,0,3,2
2023-12-01,31,21,10,0,2,2
2024-01-01,31,17,14,0,8,2
2024-02-01,29,20,9,0,3,3
2024-03-01,31,20,11,0,3,2
2024-04-01,30,21,9,1,3,3
2024-05-01,31,20,11,0,4,2
2024-06-01,30,19,11,0,2,2
2024-07-01,31,23,8,0,2,2
2024-08-01,31,22,9,0,2,2
2024-09-01,30,21,9,0,2,2
2024-10-01,31,23,8,0,2,2
2024-11-01,30,21,9,1,2,2
2024-12-01,31,21,10,1,3,3
2025-01-01,31,17,14,0,8,2
2025-02-01,28,20,8,0,2,2
2025-03-01,31,21,10,0,2,2
2025-04-01,30,22,8,0,2,2
2025-05-01,31,18,13,0,4,2
2025-06-01,30,19,11,0,4,2
2025-07-01,31,23,8,0,2,2
2025-08-01,31,21,10,0,2,2
2025-09-01,30,22,8,0,2,2
2025-10-01,31,23,8,0,2,2
2025-11-01,30,19,11,1,3,2
2025-12-01,31,22,9,0,2,3
