date,value
2018-01-10,8.7489
2018-01-11,8.72653
2018-01-12,8.75739
2018-01-13,8.75134
2018-01-16,8.74931
2018-01-17,8.76131
2018-01-18,8.7979
2018-01-19,8.83488
2018-01-20,8.83682
2018-01-23,8.844240000000001
2018-01-24,8.810030000000001
2018-01-25,8.8273
2018-01-26,8.834399999999999
2018-01-27,8.83381
2018-01-30,8.89692
2018-01-31,8.87555
2018-02-01,8.936539999999999
2018-02-02,8.93817
2018-02-03,8.92526
2018-02-06,8.99811
2018-02-07,9.11663
2018-02-08,9.09739
2018-02-09,9.11519
2018-02-10,9.23245
2018-02-13,9.16643
2018-02-14,9.10812
2018-02-15,9.08086
2018-02-16,8.91462
2018-02-17,8.877379999999999
2018-02-20,8.87556
2018-02-21,8.90333
2018-02-22,8.92437
2018-02-23,8.92325
2018-02-27,8.86506
2018-02-28,8.82725
2018-03-01,8.9025
2018-03-02,8.89682
2018-03-03,8.92899
2018-03-06,9.0046
2018-03-07,8.911190000000001
2018-03-08,8.98339
2018-03-13,8.95239
2018-03-14,8.99589
2018-03-15,9.01433
2018-03-16,9.01939
2018-03-17,9.08985
2018-03-20,9.08952
2018-03-21,9.11585
2018-03-22,9.08128
2018-03-23,8.99111
2018-03-24,9.03009
2018-03-27,9.06608
2018-03-28,9.11383
2018-03-29,9.152750000000001
2018-03-30,9.180029999999999
2018-03-31,9.12719
2018-04-03,9.12196
2018-04-04,9.15517
2018-04-05,9.16971
2018-04-06,9.13208
2018-04-07,9.1723
2018-04-10,9.280840000000001
2018-04-11,9.90612
2018-04-12,10.1915
2018-04-13,9.88027
2018-04-14,9.77844
2018-04-17,9.91426
2018-04-18,9.74087
2018-04-19,9.793000000000001
2018-04-20,9.692820000000001
2018-04-21,9.75024
2018-04-24,9.797830000000001
2018-04-25,9.773109999999999
2018-04-26,9.772639999999999
2018-04-27,9.88875
2018-04-28,9.886050000000001
2018-04-29,9.789480000000001
2018-05-04,9.99197
2018-05-05,9.93761
2018-05-08,9.85338
2018-05-09,9.89379
2018-05-11,9.82586
2018-05-12,9.74636
2018-05-15,9.74695
2018-05-16,9.74402
2018-05-17,9.782729999999999
2018-05-18,9.709520000000001
2018-05-19,9.71498
2018-05-22,9.78694
2018-05-23,9.616209999999999
2018-05-24,9.64705
2018-05-25,9.6186
2018-05-26,9.65128
2018-05-29,9.73943
2018-05-30,9.75945
2018-05-31,9.74236
2018-06-01,9.68862
2018-06-02,9.694329999999999
2018-06-05,9.65785
2018-06-06,9.68169
2018-06-07,9.69486
2018-06-08,9.66621
2018-06-09,9.77645
2018-06-10,9.730920000000001
2018-06-14,9.85362
2018-06-15,9.73799
2018-06-16,9.768899999999999
2018-06-19,9.85865
2018-06-20,9.896550000000001
2018-06-21,9.83163
2018-06-22,9.82325
2018-06-23,9.73681
2018-06-26,9.64658
2018-06-27,9.57761
2018-06-28,9.56257
2018-06-29,9.545
2018-06-30,9.475109999999999
2018-07-03,9.48737
2018-07-04,9.480450000000001
2018-07-05,9.54956
2018-07-06,9.53004
2018-07-07,9.49511
2018-07-10,9.4961
2018-07-11,9.4291
2018-07-12,9.31451
2018-07-13,9.3306
2018-07-14,9.30989
2018-07-17,9.31315
2018-07-18,9.34687
2018-07-19,9.367180000000001
2018-07-20,9.34356
2018-07-21,9.365649999999999
2018-07-24,9.318290000000001
2018-07-25,9.23268
2018-07-26,9.30739
2018-07-27,9.28095
2018-07-28,9.23433
2018-07-31,9.19726
2018-08-01,9.13442
2018-08-02,9.20676
2018-08-03,9.24606
2018-08-04,9.25026
2018-08-07,9.28
2018-08-08,9.29718
2018-08-09,9.30813
2018-08-10,9.70777
2018-08-11,9.75598
2018-08-14,9.9221
2018-08-15,9.698879999999999
2018-08-16,9.613339999999999
2018-08-17,9.69959
2018-08-18,9.71875
2018-08-21,9.80454
2018-08-22,9.814499999999999
2018-08-23,9.87676
2018-08-24,9.96871
2018-08-25,9.855360000000001
2018-08-28,9.8865
2018-08-29,9.89968
2018-08-30,9.98887
2018-08-31,9.960370000000001
2018-09-01,9.96466
2018-09-04,9.93493
2018-09-05,9.99147
2018-09-06,10.0087
2018-09-07,9.99231
2018-09-08,10.0944
2018-09-11,10.1775
2018-09-12,10.1946
2018-09-13,10.1304
2018-09-14,10.0225
2018-09-15,9.9655
2018-09-18,9.927330000000001
2018-09-19,9.86932
2018-09-20,9.7776
2018-09-21,9.69962
2018-09-22,9.68563
2018-09-25,9.648309999999999
2018-09-26,9.571259999999999
2018-09-27,9.5664
2018-09-28,9.57273
2018-09-29,9.53227
2018-10-02,9.54658
2018-10-03,9.49528
2018-10-04,9.52473
2018-10-05,9.63932
2018-10-06,9.69981
2018-10-09,9.686350000000001
2018-10-10,9.58836
2018-10-11,9.56501
2018-10-12,9.639759999999999
2018-10-13,9.52957
2018-10-16,9.49196
2018-10-17,9.47137
2018-10-18,9.44469
2018-10-19,9.46892
2018-10-20,9.493680000000001
2018-10-23,9.41464
2018-10-24,9.41461
2018-10-25,9.456489999999999
2018-10-26,9.46049
2018-10-27,9.44612
2018-10-30,9.46172
2018-10-31,9.448690000000001
2018-11-01,9.406229999999999
2018-11-02,9.44534
2018-11-03,9.51771
2018-11-07,9.53961
2018-11-08,9.54298
2018-11-09,9.55629
2018-11-10,9.62642
2018-11-13,9.69195
2018-11-14,9.73382
2018-11-15,9.78241
2018-11-16,9.60465
2018-11-17,9.49869
2018-11-20,9.50701
2018-11-21,9.45195
2018-11-22,9.503350000000001
2018-11-23,9.45969
2018-11-24,9.45956
2018-11-27,9.58966
2018-11-28,9.61057
2018-11-29,9.62331
2018-11-30,9.593729999999999
2018-12-01,9.581579999999999
2018-12-04,9.62373
2018-12-05,9.70946
2018-12-06,9.73319
2018-12-07,9.69419
2018-12-08,9.727
2018-12-11,9.58079
2018-12-12,9.6394
2018-12-13,9.64182
2018-12-14,9.64537
2018-12-15,9.63198
2018-12-18,9.653789999999999
2018-12-19,9.67886
2018-12-20,9.7326
2018-12-21,9.76745
2018-12-22,9.85331
2018-12-25,9.919419999999999
2018-12-26,9.98284
2018-12-27,10.0092
2018-12-28,10.0211
2018-12-29,10.1277
2018-12-30,10.0997
2019-01-10,9.81498
2019-01-11,9.86216
2019-01-12,9.91491
2019-01-15,9.94318
2019-01-16,9.93292
2019-01-17,9.88257
2019-01-18,9.80937
2019-01-19,9.79734
2019-01-22,9.77355
2019-01-23,9.77166
2019-01-24,9.77135
2019-01-25,9.71397
2019-01-26,9.74642
2019-01-29,9.78262
2019-01-30,9.855920000000001
2019-01-31,9.846810000000001
2019-02-01,9.74819
2019-02-02,9.74663
2019-02-05,9.72392
2019-02-06,9.72143
2019-02-07,9.736180000000001
2019-02-08,9.78827
2019-02-09,9.79463
2019-02-12,9.683
2019-02-13,9.69343
2019-02-14,9.71687
2019-02-15,9.82879
2019-02-16,9.83855
2019-02-19,9.78899
2019-02-20,9.78194
2019-02-21,9.79516
2019-02-22,9.76636
2019-02-23,9.75127
2019-02-26,9.748470000000001
2019-02-27,9.79947
2019-02-28,9.83959
2019-03-01,9.8544
2019-03-02,9.81134
2019-03-05,9.8217
2019-03-06,9.81451
2019-03-07,9.811060000000001
2019-03-08,9.83519
2019-03-12,9.824160000000001
2019-03-13,9.798919999999999
2019-03-14,9.775830000000001
2019-03-15,9.73666
2019-03-16,9.74558
2019-03-19,9.63504
2019-03-20,9.57792
2019-03-21,9.59422
2019-03-22,9.531369999999999
2019-03-23,9.50989
2019-03-26,9.60998
2019-03-27,9.55995
2019-03-28,9.60998
2019-03-29,9.63057
2019-03-30,9.63214
2019-04-02,9.74796
2019-04-03,9.74092
2019-04-04,9.7145
2019-04-05,9.7239
2019-04-06,9.736979999999999
2019-04-09,9.72438
2019-04-10,9.64957
2019-04-11,9.63783
2019-04-12,9.588049999999999
2019-04-13,9.60734
2019-04-16,9.58037
2019-04-17,9.57738
2019-04-18,9.5633
2019-04-19,9.556090000000001
2019-04-20,9.541599999999999
2019-04-23,9.50229
2019-04-24,9.49434
2019-04-25,9.52406
2019-04-26,9.59251
2019-04-27,9.60261
2019-04-30,9.60502
2019-05-01,9.592929999999999
2019-05-07,9.65594
2019-05-08,9.645999999999999
2019-05-09,9.63311
2019-05-14,9.52642
2019-05-15,9.48413
2019-05-16,9.43614
2019-05-17,9.380419999999999
2019-05-18,9.349169999999999
2019-05-21,9.32647
2019-05-22,9.33036
2019-05-23,9.33181
2019-05-24,9.32171
2019-05-25,9.35721
2019-05-28,9.347159999999999
2019-05-29,9.33527
2019-05-30,9.39381
2019-05-31,9.42273
2019-06-01,9.472150000000001
2019-06-04,9.48789
2019-06-05,9.425650000000001
2019-06-06,9.42587
2019-06-07,9.431650000000001
2019-06-08,9.41278
2019-06-11,9.345699999999999
2019-06-12,9.33118
2019-06-14,9.33723
2019-06-15,9.30596
2019-06-18,9.28776
2019-06-19,9.2884
2019-06-20,9.267
2019-06-21,9.25314
2019-06-22,9.18301
2019-06-25,9.14475
2019-06-26,9.086839999999999
2019-06-27,9.121559999999999
2019-06-28,9.16768
2019-06-29,9.18238
2019-07-02,9.21211
2019-07-03,9.18683
2019-07-04,9.22358
2019-07-05,9.22791
2019-07-06,9.2447
2019-07-09,9.28355
2019-07-10,9.26145
2019-07-11,9.272
2019-07-12,9.17416
2019-07-13,9.16194
2019-07-16,9.13716
2019-07-17,9.1339
2019-07-18,9.14926
2019-07-19,9.139100000000001
2019-07-20,9.14277
2019-07-23,9.15359
2019-07-24,9.176390000000001
2019-07-25,9.18081
2019-07-26,9.18637
2019-07-27,9.17545
2019-07-30,9.21609
2019-07-31,9.20632
2019-08-01,9.210519999999999
2019-08-02,9.24876
2019-08-03,9.313509999999999
2019-08-06,9.24662
2019-08-07,9.271930000000001
2019-08-08,9.2437
2019-08-09,9.24523
2019-08-10,9.25278
2019-08-13,9.25769
2019-08-14,9.28335
2019-08-15,9.29231
2019-08-16,9.37225
2019-08-17,9.36806
2019-08-20,9.45562
2019-08-21,9.455200000000001
2019-08-22,9.38118
2019-08-23,9.26059
2019-08-24,9.26318
2019-08-27,9.22397
2019-08-28,9.24488
2019-08-29,9.270340000000001
2019-08-30,9.3333
2019-08-31,9.30446
2019-09-03,9.28978
2019-09-04,9.32063
2019-09-05,9.295269999999999
2019-09-06,9.24423
2019-09-07,9.263020000000001
2019-09-10,9.19697
2019-09-11,9.21019
2019-09-12,9.193389999999999
2019-09-13,9.19658
2019-09-14,9.106860000000001
2019-09-17,9.03518
2019-09-18,9.039190000000001
2019-09-19,9.08961
2019-09-20,9.0462
2019-09-21,9.00546
2019-09-24,8.973139999999999
2019-09-25,8.962959999999999
2019-09-26,9.009879999999999
2019-09-27,9.01413
2019-09-28,9.04726
2019-10-01,9.05484
2019-10-02,9.10232
2019-10-03,9.15448
2019-10-04,9.1113
2019-10-05,9.09714
2019-10-08,9.06859
2019-10-09,9.09778
2019-10-10,9.125490000000001
2019-10-11,9.08654
2019-10-12,9.04432
2019-10-15,9.10824
2019-10-16,9.07772
2019-10-17,9.05879
2019-10-18,9.03673
2019-10-19,9.02938
2019-10-22,9.02039
2019-10-23,8.98526
2019-10-24,9.01839
2019-10-25,9.03253
2019-10-26,9.05006
2019-10-29,9.04482
2019-10-30,9.03637
2019-10-31,9.04863
2019-11-01,9.0651
2019-11-02,9.09811
2019-11-06,9.036719999999999
2019-11-07,9.08517
2019-11-08,9.11898
2019-11-09,9.119589999999999
2019-11-12,9.12131
2019-11-13,9.117560000000001
2019-11-14,9.15038
2019-11-15,9.14674
2019-11-16,9.11099
2019-11-19,9.09164
2019-11-20,9.07969
2019-11-21,9.0982
2019-11-22,9.07183
2019-11-23,9.05539
2019-11-26,9.06739
2019-11-27,9.09909
2019-11-28,9.10468
2019-11-29,9.11464
2019-11-30,9.11948
2019-12-03,9.14339
2019-12-04,9.10215
2019-12-05,9.080020000000001
2019-12-06,9.06081
2019-12-07,9.05839
2019-12-10,9.05099
2019-12-11,9.03339
2019-12-12,9.03057
2019-12-13,8.98973
2019-12-14,8.956050000000001
2019-12-17,8.96259
2019-12-18,8.92978
2019-12-19,8.9407
2019-12-20,8.922799999999999
2019-12-21,8.9003
2019-12-24,8.87636
2019-12-25,8.87116
2019-12-26,8.83847
2019-12-27,8.825579999999999
2019-12-28,8.8624
2019-12-31,8.85937
2020-01-01,8.88696
2020-01-10,8.83493
2020-01-11,8.839780000000001
2020-01-14,8.84
2020-01-15,8.91971
2020-01-16,8.92024
2020-01-17,8.94215
2020-01-18,8.97105
2020-01-21,8.95866
2020-01-22,8.95518
2020-01-23,8.95838
2020-01-24,8.93909
2020-01-25,8.90958
2020-01-28,8.98669
2020-01-29,9.05761
2020-01-30,8.994679999999999
2020-01-31,9.0873
2020-02-01,9.10209
2020-02-04,9.09738
2020-02-05,9.07447
2020-02-06,9.024890000000001
2020-02-07,9.00958
2020-02-08,9.085989999999999
2020-02-11,9.129940000000001
2020-02-12,9.165420000000001
2020-02-13,9.04185
2020-02-14,9.11159
2020-02-15,9.090900000000001
2020-02-18,9.069469999999999
2020-02-19,9.10373
2020-02-20,9.10625
2020-02-21,9.08488
2020-02-22,9.13571
2020-02-26,9.25319
2020-02-27,9.335930000000001
2020-02-28,9.35091
2020-02-29,9.58341
2020-03-03,9.533629999999999
2020-03-04,9.51779
2020-03-05,9.53017
2020-03-06,9.53392
2020-03-07,9.72861
2020-03-11,10.3666
2020-03-12,10.2829
2020-03-13,10.5985
2020-03-14,10.4653
2020-03-17,10.5928
2020-03-18,10.5398
2020-03-19,10.9906
2020-03-20,11.3037
2020-03-21,11.0463
2020-03-24,11.3634
2020-03-25,11.1405
2020-03-26,10.956
2020-03-27,11.0961
2020-03-28,10.9611
2020-04-07,10.7725
2020-04-08,10.696
2020-04-09,10.7178
2020-04-10,10.5694
2020-04-11,10.4826
2020-04-14,10.4312
2020-04-15,10.3834
2020-04-16,10.438
2020-04-17,10.5615
2020-04-18,10.4488
2020-04-21,10.553
2020-04-22,10.758
2020-04-23,10.8759
2020-04-24,10.6125
2020-04-25,10.5493
2020-04-28,10.5159
2020-04-29,10.525
2020-04-30,10.4153
2020-05-01,10.313
2020-05-07,10.4265
2020-05-08,10.4508
2020-05-09,10.4346
2020-05-13,10.3576
2020-05-14,10.372
2020-05-15,10.4206
2020-05-16,10.3108
2020-05-19,10.2583
2020-05-20,10.1857
2020-05-21,10.1791
2020-05-22,9.98916
2020-05-23,10.0636
2020-05-26,10.028
2020-05-27,9.96942
2020-05-28,9.933119999999999
2020-05-29,9.93089
2020-05-30,9.90079
2020-06-02,9.77322
2020-06-03,9.701170000000001
2020-06-04,9.610380000000001
2020-06-05,9.69068
2020-06-06,9.684470000000001
2020-06-09,9.654900000000001
2020-06-10,9.68802
2020-06-11,9.71023
2020-06-12,9.77624
2020-06-16,9.92248
2020-06-17,9.84911
2020-06-18,9.80639
2020-06-19,9.83166
2020-06-20,9.82898
2020-06-23,9.8178
2020-06-24,9.74292
2020-06-25,9.73025
2020-06-26,9.81408
2020-06-27,9.76638
2020-06-30,9.88278
2020-07-01,9.95806
2020-07-02,9.97568
2020-07-03,9.98016
2020-07-04,9.97522
2020-07-07,10.1424
2020-07-08,10.2742
2020-07-09,10.1505
2020-07-10,10.1451
2020-07-11,10.1664
2020-07-14,10.1016
2020-07-15,10.1334
2020-07-16,10.1292
2020-07-17,10.1789
2020-07-18,10.2443
2020-07-21,10.295
2020-07-22,10.1475
2020-07-23,10.1055
2020-07-24,10.1424
2020-07-25,10.2033
2020-07-28,10.2244
2020-07-29,10.2631
2020-07-30,10.3191
2020-07-31,10.4724
2020-08-01,10.5204
2020-08-04,10.6278
2020-08-05,10.5091
2020-08-06,10.5396
2020-08-07,10.5176
2020-08-08,10.5798
2020-08-11,10.5848
2020-08-12,10.5234
2020-08-13,10.5439
2020-08-14,10.5994
2020-08-15,10.534
2020-08-18,10.511
2020-08-19,10.6024
2020-08-20,10.5982
2020-08-21,10.657
2020-08-22,10.7174
2020-08-25,10.7661
2020-08-26,10.7808
2020-08-27,10.9601
2020-08-28,10.9355
2020-08-29,10.8713
2020-09-01,10.7682
2020-09-02,10.7842
2020-09-03,10.8205
2020-09-04,11.0401
2020-09-05,10.9922
2020-09-08,11.0664
2020-09-09,11.1183
2020-09-10,11.1118
2020-09-11,11.0427
2020-09-12,10.9544
2020-09-15,10.9498
2020-09-16,11.0928
2020-09-17,11.0812
2020-09-18,11.113
2020-09-19,11.1007
2020-09-22,11.2268
2020-09-23,11.2348
2020-09-24,11.2423
2020-09-25,11.3091
2020-09-26,11.265
2020-09-29,11.5345
2020-09-30,11.6798
2020-10-01,11.5671
2020-10-02,11.3797
2020-10-03,11.4996
2020-10-06,11.505
2020-10-07,11.5615
2020-10-08,11.4997
2020-10-09,11.4737
2020-10-10,11.4728
2020-10-13,11.4304
2020-10-14,11.4672
2020-10-15,11.4675
2020-10-16,11.5803
2020-10-17,11.6398
2020-10-20,11.6409
2020-10-21,11.6424
2020-10-22,11.57
2020-10-23,11.5577
2020-10-24,11.4662
2020-10-27,11.411
2020-10-28,11.3841
2020-10-29,11.5515
2020-10-30,11.7523
2020-10-31,11.8403
2020-11-03,12.0259
2020-11-04,11.9623
2020-11-06,11.8146
2020-11-07,11.6589
2020-11-10,11.711
2020-11-11,11.5689
2020-11-12,11.5124
2020-11-13,11.6307
2020-11-14,11.6893
2020-11-17,11.6937
2020-11-18,11.6269
2020-11-19,11.6037
2020-11-20,11.5807
2020-11-21,11.566
2020-11-24,11.5326
2020-11-25,11.5257
2020-11-26,11.4714
2020-11-27,11.4803
2020-11-28,11.5245
2020-12-01,11.5754
2020-12-02,11.6138
2020-12-03,11.513
2020-12-04,11.4651
2020-12-05,11.3698
2020-12-08,11.3566
2020-12-09,11.2752
2020-12-10,11.2126
2020-12-11,11.2578
2020-12-12,11.1778
2020-12-15,11.1557
2020-12-16,11.2219
2020-12-17,11.231
2020-12-18,11.1693
2020-12-19,11.2069
2020-12-22,11.4015
2020-12-23,11.5075
2020-12-24,11.541
2020-12-25,11.4582
2020-12-26,11.2973
2020-12-29,11.2742
2020-12-30,11.2787
2020-12-31,11.3119
2021-01-01,11.2956
2021-01-12,11.5082
2021-01-13,11.483
2021-01-14,11.3728
2021-01-15,11.4089
2021-01-16,11.3569
2021-01-19,11.3907
2021-01-20,11.3628
2021-01-21,11.3416
2021-01-22,11.3496
2021-01-23,11.4789
2021-01-26,11.5575
2021-01-27,11.6797
2021-01-28,11.6044
2021-01-29,11.7637
2021-01-30,11.8024
2021-02-02,11.6787
2021-02-03,11.7498
2021-02-04,11.7813
2021-02-05,11.7165
2021-02-06,11.5919
2021-02-09,11.4981
2021-02-10,11.4935
2021-02-11,11.4712
2021-02-12,11.4208
2021-02-13,11.4487
2021-02-16,11.3513
2021-02-17,11.3483
2021-02-18,11.4222
2021-02-19,11.4004
2021-02-20,11.4523
2021-02-21,11.4566
2021-02-25,11.4304
2021-02-26,11.3911
2021-02-27,11.5232
2021-03-02,11.4599
2021-03-03,11.5271
2021-03-04,11.3771
2021-03-05,11.4074
2021-03-06,11.4909
2021-03-10,11.3935
2021-03-11,11.3691
2021-03-12,11.32
2021-03-13,11.3015
2021-03-16,11.2612
2021-03-17,11.2253
2021-03-18,11.2413
2021-03-19,11.3282
2021-03-20,11.3988
2021-03-23,11.4599
2021-03-24,11.5756
2021-03-25,11.6737
2021-03-26,11.6578
2021-03-27,11.583
2021-03-30,11.5536
2021-03-31,11.5268
2021-04-01,11.5385
2021-04-02,11.5328
2021-04-03,11.595
2021-04-06,11.665
2021-04-07,11.6606
2021-04-08,11.8814
2021-04-09,11.7728
2021-04-10,11.7647
2021-04-13,11.8308
2021-04-14,11.7969
2021-04-15,11.5832
2021-04-16,11.7834
2021-04-17,11.5833
2021-04-20,11.7106
2021-04-21,11.7023
2021-04-22,11.8264
2021-04-23,11.7764
2021-04-24,11.5627
2021-04-27,11.524
2021-04-28,11.5569
2021-04-29,11.5559
2021-04-30,11.5036
2021-05-01,11.5657
2021-05-05,11.6253
2021-05-06,11.5643
2021-05-07,11.5196
2021-05-08,11.478
2021-05-12,11.5381
2021-05-13,11.4933
2021-05-14,11.5198
2021-05-15,11.4989
2021-05-18,11.4639
2021-05-19,11.4714
2021-05-20,11.4449
2021-05-21,11.4356
2021-05-22,11.4358
2021-05-25,11.4353
2021-05-26,11.453
2021-05-27,11.4882
2021-05-28,11.5208
2021-05-29,11.5594
2021-06-01,11.5219
2021-06-02,11.4865
2021-06-03,11.5074
2021-06-04,11.4589
2021-06-05,11.4318
2021-06-08,11.4018
2021-06-09,11.3831
2021-06-10,11.2779
2021-06-11,11.2976
2021-06-12,11.2159
2021-06-16,11.2192
2021-06-17,11.2589
2021-06-18,11.279
2021-06-19,11.2126
2021-06-22,11.313
2021-06-23,11.3024
2021-06-24,11.2134
2021-06-25,11.1733
2021-06-26,11.1806
2021-06-29,11.1786
2021-06-30,11.207
2021-07-01,11.2545
2021-07-02,11.2787
2021-07-03,11.3567
2021-07-06,11.3535
2021-07-07,11.3362
2021-07-08,11.4575
2021-07-09,11.6019
2021-07-10,11.483
2021-07-13,11.5307
2021-07-14,11.4552
2021-07-15,11.4519
2021-07-16,11.4859
2021-07-17,11.4673
2021-07-20,11.4674
2021-07-21,11.4959
2021-07-22,11.5057
2021-07-23,11.3967
2021-07-24,11.39
2021-07-27,11.4292
2021-07-28,11.3527
2021-07-29,11.3189
2021-07-30,11.3249
2021-07-31,11.329
2021-08-03,11.301
2021-08-04,11.2717
2021-08-05,11.2631
2021-08-06,11.324
2021-08-07,11.3061
2021-08-10,11.3473
2021-08-11,11.3555
2021-08-12,11.4026
2021-08-13,11.358
2021-08-14,11.3329
2021-08-17,11.3343
2021-08-18,11.3388
2021-08-19,11.3366
2021-08-20,11.4195
2021-08-21,11.4403
2021-08-24,11.4119
2021-08-25,11.4157
2021-08-26,11.3899
2021-08-27,11.4116
2021-08-28,11.4177
2021-08-31,11.378
2021-09-01,11.3367
2021-09-02,11.3211
2021-09-03,11.2747
2021-09-04,11.2837
2021-09-07,11.304
2021-09-08,11.3285
2021-09-09,11.3651
2021-09-10,11.3248
2021-09-11,11.2957
2021-09-14,11.323
2021-09-15,11.2857
2021-09-16,11.3198
2021-09-17,11.2391
2021-09-18,11.2456
2021-09-21,11.3406
2021-09-22,11.3213
2021-09-23,11.267
2021-09-24,11.2584
2021-09-25,11.294
2021-09-28,11.2449
2021-09-29,11.2263
2021-09-30,11.2494
2021-10-01,11.2442
2021-10-02,11.3114
2021-10-05,11.3118
2021-10-06,11.2567
2021-10-07,11.2566
2021-10-08,11.2128
2021-10-09,11.1625
2021-10-12,11.1281
2021-10-13,11.1325
2021-10-14,11.149
2021-10-15,11.1569
2021-10-16,11.0802
2021-10-19,11.0619
2021-10-20,11.0871
2021-10-21,11.1139
2021-10-22,11.0947
2021-10-23,11.089
2021-10-26,10.9908
2021-10-27,10.8993
2021-10-28,10.9188
2021-10-29,11.0194
2021-10-30,11.0188
2021-11-02,11.101
2021-11-03,11.1704
2021-11-04,11.1745
2021-11-09,11.1595
2021-11-10,11.1465
2021-11-11,11.0601
2021-11-12,11.1158
2021-11-13,11.2369
2021-11-16,11.3267
2021-11-17,11.3768
2021-11-18,11.4108
2021-11-19,11.3773
2021-11-20,11.4016
2021-11-23,11.5175
2021-11-24,11.7212
2021-11-25,11.6427
2021-11-26,11.6758
2021-11-27,11.8266
2021-11-30,11.7482
2021-12-01,11.7547
2021-12-02,11.6128
2021-12-03,11.6213
2021-12-04,11.578
2021-12-07,11.5622
2021-12-08,11.6426
2021-12-09,11.622
2021-12-10,11.6
2021-12-11,11.5542
2021-12-14,11.536
2021-12-15,11.5466
2021-12-16,11.6029
2021-12-17,11.5525
2021-12-18,11.5678
2021-12-21,11.6482
2021-12-22,11.5884
2021-12-23,11.5796
2021-12-24,11.5162
2021-12-25,11.4907
2021-12-28,11.4924
2021-12-29,11.5353
2021-12-30,11.5599
2021-12-31,11.6503
2022-01-11,11.7907
2022-01-12,11.7446
2022-01-13,11.7088
2022-01-14,11.7246
2022-01-15,11.9457
2022-01-18,11.9798
2022-01-19,12.018
2022-01-20,12.1011
2022-01-21,12.052
2022-01-22,12.0972
2022-01-25,12.219
2022-01-26,12.4324
2022-01-27,12.4864
2022-01-28,12.4054
2022-01-29,12.2258
2022-02-01,12.1789
2022-02-02,12.1255
2022-02-03,12.024
2022-02-04,12.05
2022-02-05,11.9558
2022-02-08,11.9028
2022-02-09,11.8243
2022-02-10,11.7592
2022-02-11,11.7502
2022-02-12,11.7915
2022-02-15,12.0416
2022-02-16,11.9988
2022-02-17,11.841
2022-02-18,11.9516
2022-02-19,11.9751
2022-02-22,12.1208
2022-02-23,12.6927
2022-02-25,13.7485
2022-02-26,13.2325
2022-03-01,14.8243
2022-03-02,14.534
2022-03-03,16.3599
2022-03-04,17.6869
2022-03-05,16.7449
2022-03-06,16.7425
2022-03-10,18.3719
2022-03-11,19.0415
2022-03-12,18.4678
2022-03-15,18.2218
2022-03-16,17.4743
2022-03-17,17.0155
2022-03-18,16.5039
2022-03-19,16.3332
2022-03-22,16.4716
2022-03-23,16.3582
2022-03-24,16.1891
2022-03-25,15.0771
2022-03-26,15.031
2022-03-29,14.7104
2022-03-30,13.555
2022-03-31,13.2388
2022-04-01,13.1569
2022-04-02,13.1111
2022-04-05,13.1372
2022-04-06,13.0993
2022-04-07,12.9838
2022-04-08,11.9862
2022-04-09,11.7611
2022-04-12,12.4234
2022-04-13,12.5043
2022-04-14,12.5374
2022-04-15,12.7499
2022-04-16,12.563
2022-04-19,12.4818
2022-04-20,12.3602
2022-04-21,12.0155
2022-04-22,11.635
2022-04-23,11.3057
2022-04-26,11.2289
2022-04-27,11.1576
2022-04-28,11.1223
2022-04-29,10.9613
2022-04-30,10.8518
2022-05-05,10.4877
2022-05-06,9.99646
2022-05-07,10.0352
2022-05-12,10.2029
2022-05-13,9.6905
2022-05-14,9.36542
2022-05-17,9.362309999999999
2022-05-18,9.44705
2022-05-19,9.45947
2022-05-20,9.2395
2022-05-21,8.880320000000001
2022-05-24,8.79854
2022-05-25,8.70648
2022-05-26,8.5902
2022-05-27,9.47641
2022-05-28,10.0616
2022-05-31,9.56025
2022-06-01,9.40696
2022-06-02,9.37092
2022-06-03,9.357009999999999
2022-06-04,9.41664
2022-06-07,9.30979
2022-06-08,9.300360000000001
2022-06-09,9.26609
2022-06-10,9.081109999999999
2022-06-11,8.897920000000001
2022-06-15,8.60514
2022-06-16,8.54161
2022-06-17,8.55449
2022-06-18,8.55776
2022-06-21,8.47402
2022-06-22,8.26992
2022-06-23,8.02259
2022-06-24,8.00483
2022-06-25,8.01826
2022-06-28,8.04837
2022-06-29,7.97616
2022-06-30,7.69846
2022-07-01,8.28897
2022-07-02,8.59418
2022-07-05,8.713989999999999
2022-07-06,8.94609
2022-07-07,9.55793
2022-07-08,9.59366
2022-07-09,9.282680000000001
2022-07-12,9.21024
2022-07-13,8.79476
2022-07-14,8.724509999999999
2022-07-15,8.63954
2022-07-16,8.57233
2022-07-19,8.42641
2022-07-20,8.25787
2022-07-21,8.16011
2022-07-22,8.39854
2022-07-23,8.58282
2022-07-26,8.63099
2022-07-27,8.78717
2022-07-28,9.04128
2022-07-29,9.04549
2022-07-30,9.21636
2022-08-02,9.28229
2022-08-03,8.95175
2022-08-04,8.94465
2022-08-05,8.933620000000001
2022-08-06,8.96876
2022-08-09,8.9613
2022-08-10,8.95342
2022-08-11,8.95251
2022-08-12,9.00583
2022-08-13,9.03978
2022-08-16,9.04515
2022-08-17,9.01556
2022-08-18,8.950990000000001
2022-08-19,8.8274
2022-08-20,8.6583
2022-08-23,8.71277
2022-08-24,8.71738
2022-08-25,8.73526
2022-08-26,8.71936
2022-08-27,8.74478
2022-08-30,8.72167
2022-08-31,8.738299999999999
2022-09-01,8.72611
2022-09-02,8.72835
2022-09-03,8.743649999999999
2022-09-06,8.784180000000001
2022-09-07,8.747060000000001
2022-09-08,8.756499999999999
2022-09-09,8.73741
2022-09-10,8.73512
2022-09-13,8.725249999999999
2022-09-14,8.66164
2022-09-15,8.56771
2022-09-16,8.54232
2022-09-17,8.54611
2022-09-20,8.55472
2022-09-21,8.54169
2022-09-22,8.602419999999999
2022-09-23,8.43825
2022-09-24,8.15329
2022-09-27,8.09047
2022-09-28,8.10556
2022-09-29,8.072
2022-09-30,7.98495
2022-10-01,8.15532
2022-10-04,8.13315
2022-10-05,8.1823
2022-10-06,8.3637
2022-10-07,8.590779999999999
2022-10-08,8.59359
2022-10-11,8.61548
2022-10-12,8.752410000000001
2022-10-13,8.669799999999999
2022-10-14,8.70486
2022-10-15,8.69152
2022-10-18,8.52304
2022-10-19,8.50975
2022-10-20,8.45711
2022-10-21,8.45185
2022-10-22,8.3732
2022-10-25,8.32169
2022-10-26,8.324160000000001
2022-10-27,8.478449999999999
2022-10-28,8.43967
2022-10-29,8.43159
2022-11-01,8.39469
2022-11-02,8.40548
2022-11-03,8.42847
2022-11-04,8.43037
2022-11-08,8.43154
2022-11-09,8.36997
2022-11-10,8.39724
2022-11-11,8.40456
2022-11-12,8.44637
2022-11-15,8.542480000000001
2022-11-16,8.53691
2022-11-17,8.50026
2022-11-18,8.44679
2022-11-19,8.472010000000001
2022-11-22,8.475570000000001
2022-11-23,8.47222
2022-11-24,8.43616
2022-11-25,8.437999999999999
2022-11-26,8.424479999999999
2022-11-29,8.412560000000001
2022-11-30,8.48798
2022-12-01,8.53746
2022-12-02,8.63709
2022-12-03,8.78395
2022-12-06,8.93117
2022-12-07,8.96835
2022-12-08,8.99043
2022-12-09,8.97431
2022-12-10,8.96236
2022-12-13,8.984359999999999
2022-12-14,9.03731
2022-12-15,9.10864
2022-12-16,9.20786
2022-12-17,9.24382
2022-12-20,9.49964
2022-12-21,9.87901
2022-12-22,10.0836
2022-12-23,10.26
2022-12-24,9.75884
2022-12-27,9.73334
2022-12-28,9.94575
2022-12-29,10.1469
2022-12-30,10.1306
2022-12-31,9.89492
2023-01-10,10.2867
2023-01-11,10.22
2023-01-12,10.1396
2023-01-13,10.0016
2023-01-14,10.0307
2023-01-17,10.1368
2023-01-18,10.1146
2023-01-19,10.1751
2023-01-20,10.132
2023-01-21,10.1227
2023-01-24,10.1125
2023-01-25,10.111
2023-01-26,10.1479
2023-01-27,10.2491
2023-01-28,10.2525
2023-01-31,10.3077
2023-02-01,10.4259
2023-02-02,10.3905
2023-02-03,10.4037
2023-02-04,10.4217
2023-02-07,10.3815
2023-02-08,10.4331
2023-02-09,10.5391
2023-02-10,10.7524
2023-02-11,10.6916
2023-02-14,10.7717
2023-02-15,10.8227
2023-02-16,10.8473
2023-02-17,10.8855
2023-02-18,10.8409
2023-02-21,10.7797
2023-02-22,10.8562
2023-02-23,10.8398
2023-02-28,10.7928
2023-03-01,10.7467
2023-03-02,10.9077
2023-03-03,10.9089
2023-03-04,10.9137
2023-03-07,10.8754
2023-03-08,10.8672
2023-03-10,10.8623
2023-03-11,10.8995
2023-03-14,10.9313
2023-03-15,10.9296
2023-03-16,10.9704
2023-03-17,11.0485
2023-03-18,11.1226
2023-03-21,11.2057
2023-03-22,11.1652
2023-03-23,11.1547
2023-03-24,11.1662
2023-03-25,11.1146
2023-03-28,11.1098
2023-03-29,11.1127
2023-03-30,11.1622
2023-03-31,11.1847
2023-04-01,11.2411
2023-04-04,11.3028
2023-04-05,11.5308
2023-04-06,11.5445
2023-04-07,11.7039
2023-04-08,11.9582
2023-04-11,11.8746
2023-04-12,11.9248
2023-04-13,11.9142
2023-04-14,11.8566
2023-04-15,11.8803
2023-04-18,11.852
2023-04-19,11.8482
2023-04-20,11.8178
2023-04-21,11.847
2023-04-22,11.8111
2023-04-25,11.77
2023-04-26,11.7664
2023-04-27,11.7626
2023-04-28,11.7609
2023-04-29,11.5659
2023-05-03,11.4884
2023-05-04,11.4456
2023-05-05,11.3488
2023-05-06,11.1158
2023-05-11,11.039
2023-05-12,10.9119
2023-05-13,11.0844
2023-05-16,11.3467
2023-05-17,11.464
2023-05-18,11.5124
2023-05-19,11.3554
2023-05-20,11.366
2023-05-23,11.3499
2023-05-24,11.3504
2023-05-25,11.3243
2023-05-26,11.2816
2023-05-27,11.3044
2023-05-30,11.2901
2023-05-31,11.3615
2023-06-01,11.3697
2023-06-02,11.3629
2023-06-03,11.4139
2023-06-06,11.415
2023-06-07,11.3892
2023-06-08,11.4163
2023-06-09,11.4896
2023-06-10,11.5716
2023-06-14,11.6681
2023-06-15,11.7626
2023-06-16,11.7356
2023-06-17,11.733
2023-06-20,11.7153
2023-06-21,11.7255
2023-06-22,11.7059
2023-06-23,11.6221
2023-06-24,11.6455
2023-06-27,11.6875
2023-06-28,11.768
2023-06-29,11.7958
2023-06-30,11.9894
2023-07-01,12.1588
2023-07-04,12.2923
2023-07-05,12.3722
2023-07-06,12.4484
2023-07-07,12.7551
2023-07-08,12.6377
2023-07-11,12.6231
2023-07-12,12.5491
2023-07-13,12.5829
2023-07-14,12.581
2023-07-15,12.6072
2023-07-18,12.5927
2023-07-19,12.6351
2023-07-20,12.6303
2023-07-21,12.6455
2023-07-22,12.5784
2023-07-25,12.5536
2023-07-26,12.5988
2023-07-27,12.5766
2023-07-28,12.5897
2023-07-29,12.6891
2023-08-01,12.7949
2023-08-02,12.7855
2023-08-03,12.9223
2023-08-04,13.0395
2023-08-05,13.1755
2023-08-08,13.41
2023-08-09,13.277
2023-08-10,13.4741
2023-08-11,13.459
2023-08-12,13.5351
2023-08-15,13.8741
2023-08-16,13.3227
2023-08-17,13.2065
2023-08-18,12.7875
2023-08-19,12.7545
2023-08-22,12.862
2023-08-23,12.8734
2023-08-24,12.9215
2023-08-25,12.9407
2023-08-26,12.972
2023-08-29,13.055
2023-08-30,13.1096
2023-08-31,13.1311
2023-09-01,13.1943
2023-09-02,13.2479
2023-09-05,13.2861
2023-09-06,13.3402
2023-09-07,13.3749
2023-09-08,13.3787
2023-09-09,13.3135
2023-09-12,13.1975
2023-09-13,12.9522
2023-09-14,13.1735
2023-09-15,13.1931
2023-09-16,13.2672
2023-09-19,13.2387
2023-09-20,13.1695
2023-09-21,13.2097
2023-09-22,13.1335
2023-09-23,13.1414
2023-09-26,13.1394
2023-09-27,13.1504
2023-09-28,13.1852
2023-09-29,13.2753
2023-09-30,13.3587
2023-10-03,13.4955
2023-10-04,13.5556
2023-10-05,13.5779
2023-10-06,13.6183
2023-10-07,13.7373
2023-10-10,13.8926
2023-10-11,13.6821
2023-10-12,13.6982
2023-10-13,13.284
2023-10-14,13.3026
2023-10-17,13.2893
2023-10-18,13.2855
2023-10-19,13.2881
2023-10-20,13.2533
2023-10-21,13.0688
2023-10-24,12.9219
2023-10-25,12.766
2023-10-26,12.7084
2023-10-27,12.7507
2023-10-28,12.7122
2023-10-31,12.7071
2023-11-01,12.5339
2023-11-02,12.7052
2023-11-03,12.7042
2023-11-04,12.6911
2023-11-08,12.6656
2023-11-09,12.663
2023-11-10,12.5998
2023-11-11,12.5979
2023-11-14,12.6122
2023-11-15,12.4948
2023-11-16,12.3348
2023-11-17,12.2479
2023-11-18,12.3104
2023-11-21,12.323
2023-11-22,12.3009
2023-11-23,12.3026
2023-11-24,12.3225
2023-11-25,12.3949
2023-11-28,12.3842
2023-11-29,12.3685
2023-11-30,12.4527
2023-12-01,12.3927
2023-12-02,12.5479
2023-12-05,12.6897
2023-12-06,12.8073
2023-12-07,12.9511
2023-12-08,12.922
2023-12-09,12.7893
2023-12-12,12.6503
2023-12-13,12.5636
2023-12-14,12.4993
2023-12-15,12.5457
2023-12-16,12.6091
2023-12-19,12.6578
2023-12-20,12.579
2023-12-21,12.6577
2023-12-22,12.8124
2023-12-23,12.8598
2023-12-26,12.8379
2023-12-27,12.7937
2023-12-28,12.8011
2023-12-29,12.6749
2023-12-30,12.5762
2024-01-10,12.5861
2024-01-11,12.4305
2024-01-12,12.363
2024-01-13,12.2428
2024-01-16,12.152
2024-01-17,12.1217
2024-01-18,12.1935
2024-01-19,12.249
2024-01-20,12.2706
2024-01-23,12.1803
2024-01-24,12.2274
2024-01-25,12.2887
2024-01-26,12.327
2024-01-27,12.4375
2024-01-30,12.449
2024-01-31,12.4066
2024-02-01,12.458
2024-02-02,12.5357
2024-02-03,12.6002
2024-02-06,12.6335
2024-02-07,12.5926
2024-02-08,12.6484
2024-02-09,12.6352
2024-02-10,12.5407
2024-02-13,12.5526
2024-02-14,12.5814
2024-02-15,12.5833
2024-02-16,12.6566
2024-02-17,12.7418
2024-02-20,12.7662
2024-02-21,12.797
2024-02-22,12.8039
2024-02-23,12.7951
2024-02-27,12.7809
2024-02-28,12.7357
2024-02-29,12.7085
2024-03-01,12.5675
2024-03-02,12.6316
2024-03-05,12.6478
2024-03-06,12.618
2024-03-07,12.5061
2024-03-08,12.5756
2024-03-12,12.5938
2024-03-13,12.644
2024-03-14,12.7041
2024-03-15,12.7151
2024-03-16,12.7328
2024-03-19,12.7501
2024-03-20,12.7729
2024-03-21,12.8337
2024-03-22,12.7519
2024-03-23,12.7445
2024-03-26,12.7893
2024-03-27,12.7844
2024-03-28,12.7477
2024-03-29,12.6979
2024-03-30,12.671
2024-04-02,12.6872
2024-04-03,12.7211
2024-04-04,12.7145
2024-04-05,12.7143
2024-04-06,12.7602
2024-04-09,12.7696
2024-04-10,12.8004
2024-04-11,12.873
2024-04-12,12.9119
2024-04-13,12.8685
2024-04-16,12.8844
2024-04-17,12.9331
2024-04-18,13.0
2024-04-19,12.976
2024-04-20,12.8816
2024-04-23,12.8484
2024-04-24,12.8396
2024-04-25,12.7183
2024-04-26,12.6716
2024-04-27,12.6347
2024-04-28,12.5657
2024-05-03,12.6821
2024-05-04,12.6972
2024-05-07,12.6453
2024-05-08,12.5962
2024-05-09,12.6243
2024-05-14,12.623
2024-05-15,12.6025
2024-05-16,12.6113
2024-05-17,12.5832
2024-05-18,12.5753
2024-05-21,12.51
2024-05-22,12.4613
2024-05-23,12.4274
2024-05-24,12.4266
2024-05-25,12.33
2024-05-28,12.1903
2024-05-29,12.1628
2024-05-30,12.2752
2024-05-31,12.365
2024-06-01,12.4028
2024-06-04,12.3011
2024-06-05,12.2248
2024-06-06,12.2244
2024-06-07,12.2251
2024-06-08,12.229
2024-06-11,12.2213
2024-06-12,12.231
2024-06-14,12.0408
2024-06-15,12.1629
2024-06-18,12.1267
2024-06-19,11.7964
2024-06-20,11.1652
2024-06-21,11.5185
2024-06-22,12.0455
2024-06-25,11.8582
2024-06-26,11.8105
2024-06-27,11.8748
2024-06-28,11.4753
2024-06-29,11.5756
2024-07-02,11.8019
2024-07-03,11.9017
2024-07-04,11.8936
2024-07-05,11.9896
2024-07-06,12.0058
2024-07-09,11.9804
2024-07-10,11.9469
2024-07-11,11.9596
2024-07-12,11.9987
2024-07-13,11.9766
2024-07-16,11.9791
2024-07-17,12.0492
2024-07-18,12.0537
2024-07-19,12.0227
2024-07-20,12.0335
2024-07-23,11.974
2024-07-24,11.9062
2024-07-25,11.8263
2024-07-26,11.7408
2024-07-27,11.7296
2024-07-30,11.8567
2024-07-31,11.8368
2024-08-01,11.8747
2024-08-02,11.7918
2024-08-03,11.8307
2024-08-06,11.8289
2024-08-07,11.789
2024-08-08,11.8074
2024-08-09,11.8664
2024-08-10,11.8911
2024-08-13,11.8576
2024-08-14,12.0233
2024-08-15,12.0672
2024-08-16,11.9319
2024-08-17,12.0542
2024-08-20,12.1204
2024-08-21,12.1161
2024-08-22,12.2114
2024-08-23,11.9567
2024-08-24,11.7747
2024-08-27,11.6863
2024-08-28,11.7513
2024-08-29,11.8357
2024-08-30,11.9057
2024-08-31,12.0151
2024-09-03,12.0532
2024-09-04,12.1106
2024-09-05,12.5086
2024-09-06,12.5054
2024-09-07,12.5387
2024-09-10,12.6262
2024-09-11,12.6952
2024-09-12,12.7173
2024-09-13,12.7362
2024-09-14,12.7178
2024-09-17,12.7762
2024-09-18,12.9226
2024-09-19,12.9451
2024-09-20,13.1028
2024-09-21,13.0425
2024-09-24,13.1134
2024-09-25,13.216
2024-09-26,13.0939
2024-09-27,13.1451
2024-09-28,13.2163
2024-10-01,13.2425
2024-10-02,13.1959
2024-10-03,13.3914
2024-10-04,13.4808
2024-10-05,13.4127
2024-10-08,13.5537
2024-10-09,13.581
2024-10-10,13.6869
2024-10-11,13.6922
2024-10-12,13.4752
2024-10-15,13.4987
2024-10-16,13.5683
2024-10-17,13.5917
2024-10-18,13.5487
2024-10-19,13.4631
2024-10-22,13.4733
2024-10-23,13.5463
2024-10-24,13.5192
2024-10-25,13.5348
2024-10-26,13.5007
2024-10-29,13.6103
2024-10-30,13.5954
2024-10-31,13.5876
2024-11-01,13.6068
2024-11-02,13.6394
2024-11-03,13.6731
2024-11-06,13.7539
2024-11-07,13.6395
2024-11-08,13.624
2024-11-09,13.594
2024-11-12,13.552
2024-11-13,13.4951
2024-11-14,13.598
2024-11-15,13.6596
2024-11-16,13.7992
2024-11-19,13.7597
2024-11-20,13.7744
2024-11-21,13.8224
2024-11-22,13.8821
2024-11-23,13.9427
2024-11-26,14.2057
2024-11-27,14.4449
2024-11-28,14.8382
2024-11-29,14.6653
2024-11-30,14.7233
2024-12-03,14.6258
2024-12-04,14.5545
2024-12-05,14.2565
2024-12-06,14.1399
2024-12-07,13.597
2024-12-10,13.524
2024-12-11,13.6566
2024-12-12,13.8539
2024-12-13,13.9594
2024-12-14,14.0096
2024-12-17,13.8603
2024-12-18,13.9613
2024-12-19,14.0761
2024-12-20,14.186
2024-12-21,13.9897
2024-12-24,13.8254
2024-12-25,13.6624
2024-12-26,13.6054
2024-12-27,13.4716
2024-12-28,13.4434
2024-12-29,13.4272
