asof,event,known_by_conservative_source,effective_date,source_publication_date
2024-09-30,tax_reporting_2023,True,2023-01-01,2022-09-08
2024-09-30,pension_2024,True,2024-01-01,2023-12-28
2024-09-30,deposit_tax_first_payment_2024,True,2024-12-02,2024-02-02
2024-09-30,credit_limits_q3_2024,True,2024-07-01,2024-05-24
2024-09-30,credit_buffers_sep_2024,True,2024-09-01,2024-06-28
2024-09-30,mortgage_end_2024,True,2024-07-01,2024-07-26
2024-09-30,pension_prepaid_tomsk_2023,True,2023-12-28,2023-12-25
2024-09-30,pension_prepaid_2024,False,2024-12-28,2024-12-23
2024-09-30,pension_index_2025_initial,False,2025-01-01,2024-12-23
2024-09-30,pension_index_2025_revision,False,2025-02-01,2025-01-24
2024-09-30,mrot_2025,False,2025-01-01,2024-12-17
2024-09-30,ndfl_2025,False,2025-01-01,2024-12-20
2024-09-30,vat_usn_2025,False,2025-01-01,2025-01-08
2024-12-01,tax_reporting_2023,True,2023-01-01,2022-09-08
2024-12-01,pension_2024,True,2024-01-01,2023-12-28
2024-12-01,deposit_tax_first_payment_2024,True,2024-12-02,2024-02-02
2024-12-01,credit_limits_q3_2024,True,2024-07-01,2024-05-24
2024-12-01,credit_buffers_sep_2024,True,2024-09-01,2024-06-28
2024-12-01,mortgage_end_2024,True,2024-07-01,2024-07-26
2024-12-01,pension_prepaid_tomsk_2023,True,2023-12-28,2023-12-25
2024-12-01,pension_prepaid_2024,False,2024-12-28,2024-12-23
2024-12-01,pension_index_2025_initial,False,2025-01-01,2024-12-23
2024-12-01,pension_index_2025_revision,False,2025-02-01,2025-01-24
2024-12-01,mrot_2025,False,2025-01-01,2024-12-17
2024-12-01,ndfl_2025,False,2025-01-01,2024-12-20
2024-12-01,vat_usn_2025,False,2025-01-01,2025-01-08
2024-12-31,tax_reporting_2023,True,2023-01-01,2022-09-08
2024-12-31,pension_2024,True,2024-01-01,2023-12-28
2024-12-31,deposit_tax_first_payment_2024,True,2024-12-02,2024-02-02
2024-12-31,credit_limits_q3_2024,True,2024-07-01,2024-05-24
2024-12-31,credit_buffers_sep_2024,True,2024-09-01,2024-06-28
2024-12-31,mortgage_end_2024,True,2024-07-01,2024-07-26
2024-12-31,pension_prepaid_tomsk_2023,True,2023-12-28,2023-12-25
2024-12-31,pension_prepaid_2024,True,2024-12-28,2024-12-23
2024-12-31,pension_index_2025_initial,True,2025-01-01,2024-12-23
2024-12-31,pension_index_2025_revision,False,2025-02-01,2025-01-24
2024-12-31,mrot_2025,True,2025-01-01,2024-12-17
2024-12-31,ndfl_2025,True,2025-01-01,2024-12-20
2024-12-31,vat_usn_2025,False,2025-01-01,2025-01-08
2025-01-31,tax_reporting_2023,True,2023-01-01,2022-09-08
2025-01-31,pension_2024,True,2024-01-01,2023-12-28
2025-01-31,deposit_tax_first_payment_2024,True,2024-12-02,2024-02-02
2025-01-31,credit_limits_q3_2024,True,2024-07-01,2024-05-24
2025-01-31,credit_buffers_sep_2024,True,2024-09-01,2024-06-28
2025-01-31,mortgage_end_2024,True,2024-07-01,2024-07-26
2025-01-31,pension_prepaid_tomsk_2023,True,2023-12-28,2023-12-25
2025-01-31,pension_prepaid_2024,True,2024-12-28,2024-12-23
2025-01-31,pension_index_2025_initial,True,2025-01-01,2024-12-23
2025-01-31,pension_index_2025_revision,True,2025-02-01,2025-01-24
2025-01-31,mrot_2025,True,2025-01-01,2024-12-17
2025-01-31,ndfl_2025,True,2025-01-01,2024-12-20
2025-01-31,vat_usn_2025,True,2025-01-01,2025-01-08
