scenario,method,recall,false_alarm_rate,mean_delay_detected,capped_delay,realized_fdr,mean_alerts
control,conformal_bh,,0.02946676587301587,,,1.0,594.05
control,conformal_bh_q005,,0.00016369047619047618,,,0.85,3.3
control,cusum,,0.02898561507936508,,,1.0,584.35
control,ewma,,0.02798363095238095,,,1.0,564.15
control,page_hinkley,,0.02815972222222222,,,1.0,567.7
drift,conformal_bh,0.6967661691542288,0.04340381101540068,2.045894304813933,2.638805970149254,0.8014544390443172,1032.35
drift,conformal_bh_q005,0.8,0.000386322109109893,3.0,3.2,0.03627394377857331,202.7
drift,cusum,0.8703980099502487,0.028616549203863223,1.7385816690797042,2.0318407960199005,0.6734554816789854,813.4
drift,ewma,0.8087064676616915,0.0286739754633255,1.415665705028916,1.9094527363184082,0.6374380982404063,861.4
drift,page_hinkley,0.9554726368159205,0.02660401983816236,1.8942896803444582,1.9880597014925374,0.6715828045860981,758.3
national,conformal_bh,,0.028635912698412695,,,1.0,577.3
national,conformal_bh_q005,,0.00014136904761904762,,,0.8,2.85
national,cusum,,0.029248511904761902,,,1.0,589.65
national,ewma,,0.028142361111111108,,,1.0,567.35
national,page_hinkley,,0.027881944444444445,,,1.0,562.1
step,conformal_bh,0.71318407960199,0.04293395980161838,0.05050159112290832,1.1833333333333333,0.6702001112469594,1221.8
step,conformal_bh_q005,0.7751243781094528,0.0004437483685721744,2.2791934289035605,2.666169154228856,0.045799138556208145,183.85
step,cusum,0.8761194029850745,0.02866614460976246,0.4469477479382514,0.8868159203980099,0.5809932292431403,944.65
step,ewma,0.8067164179104477,0.028619159488384234,0.1755628533192821,0.914676616915423,0.5795373224906496,945.8
step,page_hinkley,0.9616915422885572,0.02637953536935526,0.8899697260555767,1.0092039800995025,0.5728385547565414,881.7
temporary,conformal_bh,0.704726368159204,0.030592671323008403,0.007410397563460079,1.1865671641791045,0.7354271208491798,805.25
temporary,conformal_bh_q005,0.8537313432835821,0.00013665350744002428,0.3364721654061424,0.8721393034825871,0.015201678404966838,174.4
temporary,cusum,0.8694029850746269,0.03797702196578601,0.10320511636272423,0.6121890547263682,0.7926138257086451,946.55
temporary,ewma,0.7960199004975125,0.03417856058305496,0.03287093581073129,0.842039800995025,0.7734668739612272,872.95
temporary,page_hinkley,0.9445273631840797,0.033925498532240105,0.46465644991523514,0.6609452736318409,0.7755709441087411,864.15
