scenario,panel_id,method,recall,false_alarm_rate,realized_false_discovery_fraction,alerts,false_alerts,null_mo_months,pre_alarm_fraction,mean_delay_detected,capped_delay
control,0,cusum,,0.02886904761904762,1.0,582,582,20160,0.12251984126984126,,
control,0,page_hinkley,,0.027777777777777776,1.0,560,560,20160,0.033234126984126984,,
control,0,ewma,,0.0283234126984127,1.0,571,571,20160,0.1875,,
control,0,conformal_bh,,0.01949404761904762,1.0,393,393,20160,0.19196428571428573,,
control,0,conformal_bh_q005,,0.00029761904761904765,1.0,6,6,20160,0.002976190476190476,,
control,1,cusum,,0.030555555555555555,1.0,616,616,20160,0.13988095238095238,,
control,1,page_hinkley,,0.029464285714285714,1.0,594,594,20160,0.032242063492063495,,
control,1,ewma,,0.02867063492063492,1.0,578,578,20160,0.20833333333333334,,
control,1,conformal_bh,,0.04469246031746032,1.0,901,901,20160,0.4459325396825397,,
control,1,conformal_bh_q005,,0.0,0.0,0,0,20160,0.0,,
control,2,cusum,,0.02673611111111111,1.0,539,539,20160,0.12400793650793651,,
control,2,page_hinkley,,0.02906746031746032,1.0,586,586,20160,0.03720238095238095,,
control,2,ewma,,0.027926587301587303,1.0,563,563,20160,0.19642857142857142,,
control,2,conformal_bh,,0.025694444444444443,1.0,518,518,20160,0.2544642857142857,,
control,2,conformal_bh_q005,,0.0001984126984126984,1.0,4,4,20160,0.000992063492063492,,
control,3,cusum,,0.02713293650793651,1.0,547,547,20160,0.11805555555555555,,
control,3,page_hinkley,,0.02703373015873016,1.0,545,545,20160,0.02976190476190476,,
control,3,ewma,,0.026686507936507935,1.0,538,538,20160,0.17559523809523808,,
control,3,conformal_bh,,0.028174603174603175,1.0,568,568,20160,0.27728174603174605,,
control,3,conformal_bh_q005,,0.00029761904761904765,1.0,6,6,20160,0.000496031746031746,,
control,4,cusum,,0.02976190476190476,1.0,600,600,20160,0.13640873015873015,,
control,4,page_hinkley,,0.026785714285714284,1.0,540,540,20160,0.03571428571428571,,
control,4,ewma,,0.027331349206349206,1.0,551,551,20160,0.1909722222222222,,
control,4,conformal_bh,,0.037351190476190475,1.0,753,753,20160,0.37202380952380953,,
control,4,conformal_bh_q005,,0.00029761904761904765,1.0,6,6,20160,0.002976190476190476,,
control,5,cusum,,0.029117063492063493,1.0,587,587,20160,0.13095238095238096,,
control,5,page_hinkley,,0.02857142857142857,1.0,576,576,20160,0.03571428571428571,,
control,5,ewma,,0.028174603174603175,1.0,568,568,20160,0.20287698412698413,,
control,5,conformal_bh,,0.015922619047619047,1.0,321,321,20160,0.15625,,
control,5,conformal_bh_q005,,9.92063492063492e-05,1.0,2,2,20160,0.000992063492063492,,
control,6,cusum,,0.031051587301587302,1.0,626,626,20160,0.1324404761904762,,
control,6,page_hinkley,,0.026587301587301587,1.0,536,536,20160,0.027777777777777776,,
control,6,ewma,,0.027926587301587303,1.0,563,563,20160,0.19345238095238096,,
control,6,conformal_bh,,0.03363095238095238,1.0,678,678,20160,0.3353174603174603,,
control,6,conformal_bh_q005,,0.0001984126984126984,1.0,4,4,20160,0.000992063492063492,,
control,7,cusum,,0.027182539682539683,1.0,548,548,20160,0.12202380952380952,,
control,7,page_hinkley,,0.027430555555555555,1.0,553,553,20160,0.032242063492063495,,
control,7,ewma,,0.027281746031746032,1.0,550,550,20160,0.1949404761904762,,
control,7,conformal_bh,,0.011557539682539683,1.0,233,233,20160,0.11557539682539683,,
control,7,conformal_bh_q005,,4.96031746031746e-05,1.0,1,1,20160,0.000496031746031746,,
control,8,cusum,,0.027331349206349206,1.0,551,551,20160,0.12698412698412698,,
control,8,page_hinkley,,0.02619047619047619,1.0,528,528,20160,0.026785714285714284,,
control,8,ewma,,0.026488095238095238,1.0,534,534,20160,0.1840277777777778,,
control,8,conformal_bh,,0.0371031746031746,1.0,748,748,20160,0.37103174603174605,,
control,8,conformal_bh_q005,,0.0,0.0,0,0,20160,0.0,,
control,9,cusum,,0.028025793650793652,1.0,565,565,20160,0.13194444444444445,,
control,9,page_hinkley,,0.028521825396825396,1.0,575,575,20160,0.03571428571428571,,
control,9,ewma,,0.028373015873015873,1.0,572,572,20160,0.1949404761904762,,
control,9,conformal_bh,,0.02003968253968254,1.0,404,404,20160,0.1984126984126984,,
control,9,conformal_bh_q005,,0.00014880952380952382,1.0,3,3,20160,0.001488095238095238,,
control,10,cusum,,0.02921626984126984,1.0,589,589,20160,0.13293650793650794,,
control,10,page_hinkley,,0.02857142857142857,1.0,576,576,20160,0.037698412698412696,,
control,10,ewma,,0.02857142857142857,1.0,576,576,20160,0.19890873015873015,,
control,10,conformal_bh,,0.04092261904761905,1.0,825,825,20160,0.4072420634920635,,
control,10,conformal_bh_q005,,0.00014880952380952382,1.0,3,3,20160,0.000496031746031746,,
control,11,cusum,,0.027529761904761904,1.0,555,555,20160,0.12053571428571429,,
control,11,page_hinkley,,0.02931547619047619,1.0,591,591,20160,0.03571428571428571,,
control,11,ewma,,0.028174603174603175,1.0,568,568,20160,0.19791666666666666,,
control,11,conformal_bh,,0.021478174603174603,1.0,433,433,20160,0.21378968253968253,,
control,11,conformal_bh_q005,,9.92063492063492e-05,1.0,2,2,20160,0.000992063492063492,,
control,12,cusum,,0.029861111111111113,1.0,602,602,20160,0.12748015873015872,,
control,12,page_hinkley,,0.02976190476190476,1.0,600,600,20160,0.03819444444444445,,
control,12,ewma,,0.027331349206349206,1.0,551,551,20160,0.18948412698412698,,
control,12,conformal_bh,,0.03581349206349206,1.0,722,722,20160,0.3566468253968254,,
control,12,conformal_bh_q005,,0.0001984126984126984,1.0,4,4,20160,0.001984126984126984,,
control,13,cusum,,0.03159722222222222,1.0,637,637,20160,0.1314484126984127,,
control,13,page_hinkley,,0.02787698412698413,1.0,562,562,20160,0.03571428571428571,,
control,13,ewma,,0.02906746031746032,1.0,586,586,20160,0.18998015873015872,,
control,13,conformal_bh,,0.026488095238095238,1.0,534,534,20160,0.2638888888888889,,
control,13,conformal_bh_q005,,4.96031746031746e-05,1.0,1,1,20160,0.000496031746031746,,
control,14,cusum,,0.031299603174603174,1.0,631,631,20160,0.14583333333333334,,
control,14,page_hinkley,,0.029117063492063493,1.0,587,587,20160,0.03273809523809524,,
control,14,ewma,,0.02941468253968254,1.0,593,593,20160,0.21180555555555555,,
control,14,conformal_bh,,0.037450396825396824,1.0,755,755,20160,0.373015873015873,,
control,14,conformal_bh_q005,,0.0,0.0,0,0,20160,0.0,,
control,15,cusum,,0.027976190476190477,1.0,564,564,20160,0.1259920634920635,,
control,15,page_hinkley,,0.026785714285714284,1.0,540,540,20160,0.02976190476190476,,
control,15,ewma,,0.02822420634920635,1.0,569,569,20160,0.19791666666666666,,
control,15,conformal_bh,,0.04141865079365079,1.0,835,835,20160,0.4131944444444444,,
control,15,conformal_bh_q005,,0.00014880952380952382,1.0,3,3,20160,0.001488095238095238,,
control,16,cusum,,0.029464285714285714,1.0,594,594,20160,0.13095238095238096,,
control,16,page_hinkley,,0.029712301587301586,1.0,599,599,20160,0.042162698412698416,,
control,16,ewma,,0.027976190476190477,1.0,564,564,20160,0.19940476190476192,,
control,16,conformal_bh,,0.03630952380952381,1.0,732,732,20160,0.3586309523809524,,
control,16,conformal_bh_q005,,0.0004464285714285714,1.0,9,9,20160,0.00248015873015873,,
control,17,cusum,,0.030753968253968252,1.0,620,620,20160,0.1349206349206349,,
control,17,page_hinkley,,0.02867063492063492,1.0,578,578,20160,0.03125,,
control,17,ewma,,0.027976190476190477,1.0,564,564,20160,0.1909722222222222,,
control,17,conformal_bh,,0.02628968253968254,1.0,530,530,20160,0.2628968253968254,,
control,17,conformal_bh_q005,,9.92063492063492e-05,1.0,2,2,20160,0.000992063492063492,,
control,18,cusum,,0.02921626984126984,1.0,589,589,20160,0.12896825396825398,,
control,18,page_hinkley,,0.02847222222222222,1.0,574,574,20160,0.03819444444444445,,
control,18,ewma,,0.028769841269841268,1.0,580,580,20160,0.19791666666666666,,
control,18,conformal_bh,,0.02435515873015873,1.0,491,491,20160,0.2435515873015873,,
control,18,conformal_bh_q005,,0.00034722222222222224,1.0,7,7,20160,0.003472222222222222,,
control,19,cusum,,0.02703373015873016,1.0,545,545,20160,0.12053571428571429,,
control,19,page_hinkley,,0.02748015873015873,1.0,554,554,20160,0.029265873015873016,,
control,19,ewma,,0.026984126984126985,1.0,544,544,20160,0.19146825396825398,,
control,19,conformal_bh,,0.025148809523809525,1.0,507,507,20160,0.24851190476190477,,
control,19,conformal_bh_q005,,0.00014880952380952382,1.0,3,3,20160,0.001488095238095238,,
step,0,cusum,0.8706467661691543,0.02913077525450274,0.5849056603773585,954,558,19155,0.12896825396825398,0.5485714285714286,0.9950248756218906
step,0,page_hinkley,0.9552238805970149,0.025841816758026624,0.569620253164557,869,495,19155,0.03422619047619048,0.921875,1.0597014925373134
step,0,ewma,0.7860696517412935,0.02928739232576351,0.584375,960,561,19155,0.19543650793650794,0.189873417721519,1.0049751243781095
step,0,conformal_bh,0.7512437810945274,0.03884103367267032,0.6503496503496503,1144,744,19155,0.21676587301587302,0.07947019867549669,1.054726368159204
step,0,conformal_bh_q005,0.7512437810945274,0.00036543983294179064,0.04046242774566474,173,7,19155,0.001984126984126984,2.3178807947019866,2.736318407960199
step,1,cusum,0.8407960199004975,0.029078569564082484,0.5850840336134454,952,557,19155,0.12797619047619047,0.46745562130177515,1.0298507462686568
step,1,page_hinkley,0.9203980099502488,0.027303576089793787,0.5817575083426029,899,523,19155,0.04117063492063492,0.918918918918919,1.164179104477612
step,1,ewma,0.7611940298507462,0.028243278517358392,0.5767590618336887,938,541,19155,0.19047619047619047,0.2222222222222222,1.1243781094527363
step,1,conformal_bh,0.6716417910447762,0.049490994518402505,0.7027427724240178,1349,948,19155,0.3402777777777778,0.02962962962962963,1.3333333333333333
step,1,conformal_bh_q005,0.7213930348258707,0.00036543983294179064,0.03977272727272727,176,7,19155,0.001488095238095238,2.2758620689655173,2.756218905472637
step,2,cusum,0.8706467661691543,0.029235186635343254,0.5857740585774058,956,560,19155,0.12797619047619047,0.37714285714285717,0.845771144278607
step,2,page_hinkley,0.9651741293532339,0.02876533542156095,0.5931108719052745,929,551,19155,0.03521825396825397,0.8350515463917526,0.945273631840796
step,2,ewma,0.8059701492537313,0.029705037849125555,0.587203302373581,969,569,19155,0.20238095238095238,0.12345679012345678,0.8756218905472637
step,2,conformal_bh,0.6616915422885572,0.040459410075698254,0.6595744680851063,1175,775,19155,0.27033730158730157,0.045112781954887216,1.3830845771144278
step,2,conformal_bh_q005,0.7562189054726368,0.0004176455233620465,0.043478260869565216,184,8,19155,0.001488095238095238,2.2960526315789473,2.711442786069652
step,3,cusum,0.8507462686567164,0.02975724353954581,0.5925155925155925,962,570,19155,0.13343253968253968,0.49707602339181284,1.0199004975124377
step,3,page_hinkley,0.9552238805970149,0.02652049073348995,0.5772727272727273,880,508,19155,0.02976190476190476,0.8854166666666666,1.0248756218905473
step,3,ewma,0.7960199004975125,0.028191072826938137,0.5775401069518716,935,540,19155,0.18700396825396826,0.175,0.9552238805970149
step,3,conformal_bh,0.6915422885572139,0.042652049073349,0.6713229252259655,1217,817,19155,0.28273809523809523,0.06474820143884892,1.2786069651741294
step,3,conformal_bh_q005,0.7611940298507462,0.00015661707126076742,0.016666666666666666,180,3,19155,0.000992063492063492,2.3594771241830066,2.7512437810945274
step,4,cusum,0.8955223880597015,0.028295484207778648,0.5778251599147122,938,542,19155,0.12946428571428573,0.46111111111111114,0.8308457711442786
step,4,page_hinkley,0.9552238805970149,0.025110937092143043,0.5652173913043478,851,481,19155,0.033234126984126984,0.9114583333333334,1.0497512437810945
step,4,ewma,0.8308457711442786,0.028138867136517882,0.5783261802575107,932,539,19155,0.18700396825396826,0.2215568862275449,0.8606965174129353
step,4,conformal_bh,0.7512437810945274,0.04092926128948055,0.6644067796610169,1180,784,19155,0.25992063492063494,0.046357615894039736,1.0298507462686568
step,4,conformal_bh_q005,0.7860696517412935,0.0006264682850430697,0.0625,192,12,19155,0.00248015873015873,2.310126582278481,2.671641791044776
step,5,cusum,0.8805970149253731,0.02714695901853302,0.5683060109289617,915,520,19155,0.12152777777777778,0.4124293785310734,0.8407960199004975
step,5,page_hinkley,0.9850746268656716,0.028243278517358392,0.592552026286966,913,541,19155,0.03125,0.9141414141414141,0.9601990049751243
step,5,ewma,0.835820895522388,0.027982250065257112,0.5744908896034298,933,536,19155,0.19246031746031747,0.16666666666666666,0.7960199004975125
step,5,conformal_bh,0.7164179104477612,0.04604541895066562,0.6879875195007801,1282,882,19155,0.32787698412698413,0.05555555555555555,1.1741293532338308
step,5,conformal_bh_q005,0.7213930348258707,0.00026102845210127906,0.029411764705882353,170,5,19155,0.000496031746031746,2.282758620689655,2.7611940298507465
step,6,cusum,0.8955223880597015,0.027616810232315322,0.5725108225108225,924,529,19155,0.12301587301587301,0.45555555555555555,0.8258706467661692
step,6,page_hinkley,0.9751243781094527,0.026102845210127904,0.573394495412844,872,500,19155,0.028273809523809524,0.9642857142857143,1.0398009950248757
step,6,ewma,0.8109452736318408,0.02913077525450274,0.5836820083682008,956,558,19155,0.19791666666666666,0.147239263803681,0.8756218905472637
step,6,conformal_bh,0.7611940298507462,0.037588097102584185,0.6434316353887399,1119,720,19155,0.2088293650793651,0.032679738562091505,0.9800995024875622
step,6,conformal_bh_q005,0.8159203980099502,0.0005220569042025581,0.05181347150259067,193,10,19155,0.001984126984126984,2.3292682926829267,2.63681592039801
step,7,cusum,0.8756218905472637,0.02678151918559123,0.5649779735682819,908,513,19155,0.11805555555555555,0.4318181818181818,0.8756218905472637
step,7,page_hinkley,0.9502487562189055,0.02568519968676586,0.5642201834862385,872,492,19155,0.028273809523809524,0.900523560209424,1.054726368159204
step,7,ewma,0.7910447761194029,0.028191072826938137,0.5775401069518716,935,540,19155,0.1875,0.1761006289308176,0.9751243781094527
step,7,conformal_bh,0.8109452736318408,0.033568258940224485,0.6170825335892515,1042,643,19155,0.1865079365079365,0.03680981595092025,0.7860696517412935
step,7,conformal_bh_q005,0.8557213930348259,0.00020882276168102324,0.020942408376963352,191,4,19155,0.000496031746031746,2.238372093023256,2.4925373134328357
step,8,cusum,0.8606965174129353,0.027564604541895067,0.5708108108108109,925,528,19155,0.12003968253968254,0.4161849710982659,0.9154228855721394
step,8,page_hinkley,0.9502487562189055,0.026833724876011485,0.5788288288288288,888,514,19155,0.03273809523809524,0.837696335078534,0.9950248756218906
step,8,ewma,0.746268656716418,0.028243278517358392,0.5761448349307774,939,541,19155,0.1984126984126984,0.16,1.1343283582089552
step,8,conformal_bh,0.6915422885572139,0.03753589141216392,0.6419642857142858,1120,719,19155,0.24702380952380953,0.02877697841726619,1.2537313432835822
step,8,conformal_bh_q005,0.8059701492537313,0.0005742625946228138,0.05913978494623656,186,11,19155,0.001488095238095238,2.271604938271605,2.6069651741293534
step,9,cusum,0.9104477611940298,0.030070477682067345,0.5913757700205339,974,576,19155,0.13045634920634921,0.43169398907103823,0.7512437810945274
step,9,page_hinkley,0.9552238805970149,0.027303576089793787,0.5753575357535754,909,523,19155,0.03670634920634921,0.8541666666666666,0.9950248756218906
step,9,ewma,0.8407960199004975,0.028921952492821718,0.5813221406086044,953,554,19155,0.19692460317460317,0.15384615384615385,0.7661691542288557
step,9,conformal_bh,0.6965174129353234,0.043435134429652834,0.6753246753246753,1232,832,19155,0.28918650793650796,0.02857142857142857,1.2338308457711442
step,9,conformal_bh_q005,0.8059701492537313,0.0005220569042025581,0.05319148936170213,188,10,19155,0.00248015873015873,2.314814814814815,2.6417910447761193
step,10,cusum,0.845771144278607,0.030174889062907856,0.5952626158599382,971,578,19155,0.13541666666666666,0.4117647058823529,0.9651741293532339
step,10,page_hinkley,0.9601990049751243,0.025946228138867135,0.5725806451612904,868,497,19155,0.03521825396825397,0.8704663212435233,0.9950248756218906
step,10,ewma,0.7810945273631841,0.029235186635343254,0.5851619644723093,957,560,19155,0.1974206349206349,0.17197452229299362,1.0099502487562189
step,10,conformal_bh,0.5472636815920398,0.056695379796397806,0.7313131313131314,1485,1086,19155,0.4246031746031746,0.03636363636363636,1.8308457711442787
step,10,conformal_bh_q005,0.8009950248756219,0.0006786739754633255,0.0663265306122449,196,13,19155,0.000992063492063492,2.248447204968944,2.5970149253731343
step,11,cusum,0.8955223880597015,0.029444009397024275,0.5856697819314641,963,564,19155,0.12996031746031747,0.42777777777777776,0.8009950248756219
step,11,page_hinkley,0.9800995024875622,0.027355781780214042,0.5764576457645765,909,524,19155,0.03968253968253968,0.8883248730964467,0.9502487562189055
step,11,ewma,0.8159203980099502,0.028556512659879928,0.5794491525423728,944,547,19155,0.19990079365079366,0.12195121951219512,0.835820895522388
step,11,conformal_bh,0.6616915422885572,0.04881232054293918,0.7008995502248876,1334,935,19155,0.35912698412698413,0.045112781954887216,1.3830845771144278
step,11,conformal_bh_q005,0.8159203980099502,0.0004176455233620465,0.043243243243243246,185,8,19155,0.000496031746031746,2.3292682926829267,2.63681592039801
step,12,cusum,0.9104477611940298,0.028869746802401463,0.5814931650893796,951,553,19155,0.12450396825396826,0.4098360655737705,0.7313432835820896
step,12,page_hinkley,0.9651741293532339,0.026363873662229184,0.5693348365276212,887,505,19155,0.03273809523809524,0.8195876288659794,0.9303482587064676
step,12,ewma,0.8308457711442786,0.02902636387366223,0.5821989528795811,955,556,19155,0.1949404761904762,0.19161676646706588,0.835820895522388
step,12,conformal_bh,0.746268656716418,0.044792482380579486,0.6825775656324582,1257,858,19155,0.2951388888888889,0.04666666666666667,1.0497512437810945
step,12,conformal_bh_q005,0.8656716417910447,0.0005742625946228138,0.05583756345177665,197,11,19155,0.003472222222222222,2.218390804597701,2.45771144278607
step,13,cusum,0.8855721393034826,0.02928739232576351,0.5849843587069864,959,561,19155,0.12946428571428573,0.4101123595505618,0.8208955223880597
step,13,page_hinkley,0.9751243781094527,0.02615505090054816,0.570615034168565,878,501,19155,0.032242063492063495,0.9081632653061225,0.9850746268656716
step,13,ewma,0.8308457711442786,0.02939180370660402,0.5858480749219563,961,563,19155,0.20188492063492064,0.16766467065868262,0.8159203980099502
step,13,conformal_bh,0.7064676616915423,0.04155572957452362,0.6655518394648829,1196,796,19155,0.28075396825396826,0.07042253521126761,1.2238805970149254
step,13,conformal_bh_q005,0.7213930348258707,0.0006786739754633255,0.07065217391304347,184,13,19155,0.000496031746031746,2.110344827586207,2.63681592039801
step,14,cusum,0.9054726368159204,0.02991386061080658,0.5913312693498453,969,573,19155,0.12996031746031747,0.42857142857142855,0.7661691542288557
step,14,page_hinkley,0.9701492537313433,0.02667710780475072,0.5767494356659142,886,511,19155,0.03125,0.9230769230769231,1.0149253731343284
step,14,ewma,0.845771144278607,0.028974158183241974,0.581151832460733,955,555,19155,0.19196428571428573,0.17647058823529413,0.7661691542288557
step,14,conformal_bh,0.6965174129353234,0.04802923518663534,0.6964420893262679,1321,920,19155,0.30952380952380953,0.07857142857142857,1.2686567164179106
step,14,conformal_bh_q005,0.746268656716418,0.00046985121378230227,0.04838709677419355,186,9,19155,0.001488095238095238,2.28,2.716417910447761
step,15,cusum,0.8955223880597015,0.03027930044374837,0.593654042988741,977,580,19155,0.1259920634920635,0.42777777777777776,0.8009950248756219
step,15,page_hinkley,0.9800995024875622,0.026729313495170975,0.5765765765765766,888,512,19155,0.031746031746031744,0.9086294416243654,0.9701492537313433
step,15,ewma,0.835820895522388,0.028608718350300183,0.5774499473129611,949,548,19155,0.19444444444444445,0.17261904761904762,0.8009950248756219
step,15,conformal_bh,0.7761194029850746,0.04098146697990081,0.6652542372881356,1180,785,19155,0.27380952380952384,0.0641025641025641,0.945273631840796
step,15,conformal_bh_q005,0.6965174129353234,0.0004176455233620465,0.045714285714285714,175,8,19155,0.001984126984126984,2.2642857142857142,2.791044776119403
step,16,cusum,0.8507462686567164,0.029339598016183764,0.5884816753926702,955,562,19155,0.13839285714285715,0.4269005847953216,0.9601990049751243
step,16,page_hinkley,0.9651741293532339,0.02652049073348995,0.5746606334841629,884,508,19155,0.03670634920634921,0.8814432989690721,0.9900497512437811
step,16,ewma,0.8308457711442786,0.028243278517358392,0.5786096256684492,935,541,19155,0.19196428571428573,0.18562874251497005,0.8308457711442786
step,16,conformal_bh,0.7761194029850746,0.03800574262594623,0.6453900709219859,1128,728,19155,0.2524801587301587,0.07692307692307693,0.9552238805970149
step,16,conformal_bh_q005,0.7661691542288557,0.00026102845210127906,0.028409090909090908,176,5,19155,0.000496031746031746,2.25974025974026,2.6666666666666665
step,17,cusum,0.8805970149253731,0.025476376925084834,0.5520361990950227,884,488,19155,0.11607142857142858,0.4971751412429379,0.9154228855721394
step,17,page_hinkley,0.9502487562189055,0.023231532237013835,0.5387409200968523,826,445,19155,0.03125,0.8586387434554974,1.0149253731343284
step,17,ewma,0.8109452736318408,0.02652049073348995,0.5582417582417583,910,508,19155,0.1800595238095238,0.1901840490797546,0.9104477611940298
step,17,conformal_bh,0.7860696517412935,0.033777081701905506,0.6173664122137404,1048,647,19155,0.18551587301587302,0.012658227848101266,0.8656716417910447
step,17,conformal_bh_q005,0.7313432835820896,0.00031323414252153485,0.03428571428571429,175,6,19155,0.0,2.3197278911564627,2.771144278606965
step,18,cusum,0.8507462686567164,0.028608718350300183,0.5811240721102863,943,548,19155,0.12400793650793651,0.5029239766081871,1.0248756218905473
step,18,page_hinkley,0.9701492537313433,0.025841816758026624,0.5709342560553633,867,495,19155,0.036210317460317464,0.9179487179487179,1.0099502487562189
step,18,ewma,0.7960199004975125,0.028713129731140694,0.5807814149947201,947,550,19155,0.1974206349206349,0.225,0.9950248756218906
step,18,conformal_bh,0.6616915422885572,0.0552858261550509,0.7263374485596708,1458,1059,19155,0.3968253968253968,0.06766917293233082,1.3980099502487562
step,18,conformal_bh_q005,0.7661691542288557,0.00031323414252153485,0.03468208092485549,173,6,19155,0.000992063492063492,2.3181818181818183,2.711442786069652
step,19,cusum,0.8507462686567164,0.02725137039937353,0.5717415115005476,913,522,19155,0.11656746031746032,0.49707602339181284,1.0199004975124377
step,19,page_hinkley,0.9502487562189055,0.025058731401722788,0.5587892898719441,859,480,19155,0.027777777777777776,0.8795811518324608,1.0348258706467661
step,19,ewma,0.7512437810945274,0.029078569564082484,0.5844700944386149,953,557,19155,0.1974206349206349,0.17218543046357615,1.1243781094527363
step,19,conformal_bh,0.7014925373134329,0.04019838162359697,0.6586826347305389,1169,770,19155,0.26339285714285715,0.06382978723404255,1.2388059701492538
step,19,conformal_bh_q005,0.8109452736318408,0.0007308796658835813,0.07106598984771574,197,14,19155,0.003968253968253968,2.2392638036809815,2.572139303482587
drift,0,cusum,0.8557213930348259,0.028243278517358392,0.6712158808933002,806,541,19155,0.12152777777777778,1.7325581395348837,2.0597014925373136
drift,0,page_hinkley,0.9502487562189055,0.02652049073348995,0.6588845654993515,771,508,19155,0.029265873015873016,1.7905759162303665,1.900497512437811
drift,0,ewma,0.7910447761194029,0.02876533542156095,0.6421911421911422,858,551,19155,0.19593253968253968,1.421383647798742,1.9601990049751243
drift,0,conformal_bh,0.7164179104477612,0.0363873662229183,0.7761692650334076,898,697,19155,0.23660714285714285,2.0347222222222223,2.5920398009950247
drift,0,conformal_bh_q005,0.7661691542288557,0.00036543983294179064,0.034653465346534656,202,7,19155,0.000992063492063492,3.0,3.2338308457711444
drift,1,cusum,0.8855721393034826,0.028191072826938137,0.6801007556675063,794,540,19155,0.12103174603174603,1.848314606741573,2.0945273631840795
drift,1,page_hinkley,0.9751243781094527,0.025267554163403812,0.6666666666666666,726,484,19155,0.030753968253968252,1.9081632653061225,1.9601990049751243
drift,1,ewma,0.8407960199004975,0.02725137039937353,0.6258992805755396,834,522,19155,0.18303571428571427,1.4615384615384615,1.8656716417910448
drift,1,conformal_bh,0.7164179104477612,0.040563821456538765,0.7952917093142272,977,777,19155,0.27628968253968256,2.0555555555555554,2.6069651741293534
drift,1,conformal_bh_q005,0.7661691542288557,0.0006264682850430697,0.06,200,12,19155,0.0,3.0,3.2338308457711444
drift,2,cusum,0.8208955223880597,0.025476376925084834,0.648936170212766,752,488,19155,0.12450396825396826,1.7272727272727273,2.1343283582089554
drift,2,page_hinkley,0.9601990049751243,0.02375358914121639,0.638148667601683,713,455,19155,0.026785714285714284,1.8186528497409327,1.9054726368159205
drift,2,ewma,0.7761194029850746,0.026938136256851996,0.6239419588875453,827,516,19155,0.18303571428571427,1.4102564102564104,1.9900497512437811
drift,2,conformal_bh,0.6019900497512438,0.044270425476376926,0.8083889418493804,1049,848,19155,0.32043650793650796,2.0165289256198347,2.8059701492537314
drift,2,conformal_bh_q005,0.8009950248756219,0.00010441138084051162,0.01020408163265306,196,2,19155,0.0,3.0,3.199004975124378
drift,3,cusum,0.8805970149253731,0.02975724353954581,0.6842737094837935,833,570,19155,0.12400793650793651,1.7231638418079096,1.9950248756218905
drift,3,page_hinkley,0.9701492537313433,0.02678151918559123,0.6741130091984231,761,513,19155,0.034722222222222224,1.876923076923077,1.9402985074626866
drift,3,ewma,0.8258706467661692,0.028869746802401463,0.6341743119266054,872,553,19155,0.19692460317460317,1.391566265060241,1.845771144278607
drift,3,conformal_bh,0.7512437810945274,0.04270425476376925,0.802747791952895,1019,818,19155,0.28918650793650796,2.0397350993377485,2.527363184079602
drift,3,conformal_bh_q005,0.835820895522388,0.00046985121378230227,0.04477611940298507,201,9,19155,0.000496031746031746,3.0,3.1641791044776117
drift,4,cusum,0.9154228855721394,0.025319759853824068,0.6607629427792916,734,485,19155,0.1185515873015873,1.8478260869565217,2.029850746268657
drift,4,page_hinkley,0.945273631840796,0.025737405377186114,0.6698369565217391,736,493,19155,0.031746031746031744,1.9473684210526316,2.0597014925373136
drift,4,ewma,0.835820895522388,0.025841816758026624,0.6281725888324873,788,495,19155,0.1775793650793651,1.5773809523809523,1.9751243781094527
drift,4,conformal_bh,0.7860696517412935,0.03038371182458888,0.7432950191570882,783,582,19155,0.1736111111111111,2.0443037974683542,2.462686567164179
drift,4,conformal_bh_q005,0.8059701492537313,0.0005220569042025581,0.04807692307692308,208,10,19155,0.001488095238095238,3.0,3.1940298507462686
drift,5,cusum,0.9253731343283582,0.02876533542156095,0.6785714285714286,812,551,19155,0.1259920634920635,1.7473118279569892,1.9154228855721394
drift,5,page_hinkley,0.9651741293532339,0.028869746802401463,0.6903870162297129,801,553,19155,0.03521825396825397,1.8814432989690721,1.955223880597015
drift,5,ewma,0.8656716417910447,0.0301226833724876,0.6475869809203143,891,577,19155,0.20188492063492064,1.3735632183908046,1.7263681592039801
drift,5,conformal_bh,0.7512437810945274,0.04400939702427564,0.8074712643678161,1044,843,19155,0.2926587301587302,2.033112582781457,2.5223880597014925
drift,5,conformal_bh_q005,0.8258706467661692,0.00031323414252153485,0.030303030303030304,198,6,19155,0.0,3.0,3.174129353233831
drift,6,cusum,0.845771144278607,0.031427825632994,0.6959537572254335,865,602,19155,0.1388888888888889,1.7588235294117647,2.1044776119402986
drift,6,page_hinkley,0.9502487562189055,0.02777342730357609,0.680306905370844,782,532,19155,0.031746031746031744,1.8272251308900525,1.935323383084577
drift,6,ewma,0.7661691542288557,0.03111459149047246,0.6592920353982301,904,596,19155,0.21329365079365079,1.4545454545454546,2.0497512437810945
drift,6,conformal_bh,0.6218905472636815,0.052257896110676064,0.8327787021630616,1202,1001,19155,0.3869047619047619,2.048,2.7860696517412937
drift,6,conformal_bh_q005,0.8059701492537313,0.0004176455233620465,0.039603960396039604,202,8,19155,0.000496031746031746,3.0,3.1940298507462686
drift,7,cusum,0.8805970149253731,0.030592534586269902,0.6894117647058824,850,586,19155,0.13392857142857142,1.7062146892655368,1.9800995024875623
drift,7,page_hinkley,0.9601990049751243,0.028034455755677368,0.6867007672634271,782,537,19155,0.03720238095238095,1.9119170984455958,1.9950248756218905
drift,7,ewma,0.845771144278607,0.02975724353954581,0.6397306397306397,891,570,19155,0.20337301587301587,1.3294117647058823,1.7412935323383085
drift,7,conformal_bh,0.6567164179104478,0.05152701644479248,0.8308080808080808,1188,987,19155,0.37103174603174605,2.0606060606060606,2.72636815920398
drift,7,conformal_bh_q005,0.7960199004975125,0.0005742625946228138,0.05263157894736842,209,11,19155,0.001984126984126984,3.0,3.2039800995024876
drift,8,cusum,0.900497512437811,0.02954842077786479,0.6819277108433734,830,566,19155,0.13194444444444445,1.7513812154696133,1.9751243781094527
drift,8,page_hinkley,0.9552238805970149,0.02625946228138867,0.6688829787234043,752,503,19155,0.034722222222222224,1.9791666666666667,2.0696517412935322
drift,8,ewma,0.8407960199004975,0.028713129731140694,0.6351039260969977,866,550,19155,0.1939484126984127,1.4201183431952662,1.8308457711442787
drift,8,conformal_bh,0.7810945273631841,0.036648394675019576,0.7774086378737541,903,702,19155,0.22916666666666666,2.070063694267516,2.4925373134328357
drift,8,conformal_bh_q005,0.8059701492537313,0.00036543983294179064,0.03431372549019608,204,7,19155,0.001488095238095238,3.0,3.1940298507462686
drift,9,cusum,0.8855721393034826,0.029235186635343254,0.6698564593301436,836,560,19155,0.13095238095238096,1.696629213483146,1.9601990049751243
drift,9,page_hinkley,0.9402985074626866,0.030435917515009136,0.7041062801932367,828,583,19155,0.03125,1.9312169312169312,2.054726368159204
drift,9,ewma,0.8407960199004975,0.028660924040720438,0.6339491916859122,866,549,19155,0.20238095238095238,1.4023668639053255,1.8159203980099503
drift,9,conformal_bh,0.746268656716418,0.0408770555990603,0.7957317073170732,984,783,19155,0.28125,2.04,2.537313432835821
drift,9,conformal_bh_q005,0.835820895522388,0.00026102845210127906,0.024752475247524754,202,5,19155,0.000496031746031746,3.0,3.1641791044776117
drift,10,cusum,0.8855721393034826,0.026938136256851996,0.6490566037735849,795,516,19155,0.11904761904761904,1.6404494382022472,1.9104477611940298
drift,10,page_hinkley,0.9303482587064676,0.025841816758026624,0.6617647058823529,748,495,19155,0.03273809523809524,1.8449197860962567,1.9950248756218905
drift,10,ewma,0.8308457711442786,0.028138867136517882,0.6252900232018561,862,539,19155,0.18898809523809523,1.341317365269461,1.791044776119403
drift,10,conformal_bh,0.8756218905472637,0.02714695901853302,0.7212205270457698,721,520,19155,0.15773809523809523,2.0625,2.3034825870646767
drift,10,conformal_bh_q005,0.8059701492537313,0.00015661707126076742,0.015,200,3,19155,0.0,3.0,3.1940298507462686
drift,11,cusum,0.8706467661691543,0.030174889062907856,0.6816037735849056,848,578,19155,0.13293650793650794,1.7085714285714286,2.0049751243781095
drift,11,page_hinkley,0.945273631840796,0.027303576089793787,0.6783398184176395,771,523,19155,0.03819444444444445,1.894736842105263,2.009950248756219
drift,11,ewma,0.8208955223880597,0.02954842077786479,0.63954802259887,885,566,19155,0.19444444444444445,1.3757575757575757,1.845771144278607
drift,11,conformal_bh,0.6965174129353234,0.044270425476376926,0.8083889418493804,1049,848,19155,0.3100198412698413,2.0642857142857145,2.6517412935323383
drift,11,conformal_bh_q005,0.8407960199004975,0.00046985121378230227,0.043689320388349516,206,9,19155,0.00248015873015873,3.0,3.1592039800995027
drift,12,cusum,0.8606965174129353,0.030957974419211692,0.6943793911007026,854,593,19155,0.13839285714285715,1.7861271676300579,2.0945273631840795
drift,12,page_hinkley,0.945273631840796,0.02605063951970765,0.6644474034620506,751,499,19155,0.03373015873015873,1.9473684210526316,2.0597014925373136
drift,12,ewma,0.8059701492537313,0.028817541111981208,0.6441073512252042,857,552,19155,0.19593253968253968,1.462962962962963,1.955223880597015
drift,12,conformal_bh,0.6169154228855721,0.046619681545288436,0.8162705667276051,1094,893,19155,0.33134920634920634,2.0483870967741935,2.7960199004975124
drift,12,conformal_bh_q005,0.7661691542288557,0.0005220569042025581,0.04854368932038835,206,10,19155,0.002976190476190476,3.0,3.2338308457711444
drift,13,cusum,0.8706467661691543,0.0274079874706343,0.6653992395437263,789,525,19155,0.125,1.72,2.014925373134328
drift,13,page_hinkley,0.9552238805970149,0.02578961106760637,0.6657681940700808,742,494,19155,0.03273809523809524,1.8958333333333333,1.9900497512437811
drift,13,ewma,0.8159203980099502,0.029600626468285044,0.6406779661016949,885,567,19155,0.19940476190476192,1.3475609756097562,1.835820895522388
drift,13,conformal_bh,0.8059701492537313,0.03894544505351083,0.7877507919746568,947,746,19155,0.24156746031746032,2.04320987654321,2.4228855721393034
drift,13,conformal_bh_q005,0.7512437810945274,0.00031323414252153485,0.02926829268292683,205,6,19155,0.000496031746031746,3.0,3.2487562189054726
drift,14,cusum,0.8606965174129353,0.028504306969459672,0.674074074074074,810,546,19155,0.12202380952380952,1.7514450867052023,2.0646766169154227
drift,14,page_hinkley,0.945273631840796,0.025737405377186114,0.6744186046511628,731,493,19155,0.03720238095238095,1.9684210526315788,2.0796019900497513
drift,14,ewma,0.8159203980099502,0.02725137039937353,0.6258992805755396,834,522,19155,0.17906746031746032,1.3719512195121952,1.855721393034826
drift,14,conformal_bh,0.6865671641791045,0.04500130514226051,0.8109125117591721,1063,862,19155,0.2931547619047619,2.028985507246377,2.646766169154229
drift,14,conformal_bh_q005,0.8109452736318408,0.0008874967371443487,0.08018867924528301,212,17,19155,0.002976190476190476,3.0,3.189054726368159
drift,15,cusum,0.8706467661691543,0.02751239885147481,0.6620603015075377,796,527,19155,0.12053571428571429,1.7085714285714286,2.0049751243781095
drift,15,page_hinkley,0.9601990049751243,0.024223440354998696,0.655367231638418,708,464,19155,0.023313492063492064,1.8911917098445596,1.9751243781094527
drift,15,ewma,0.7611940298507462,0.029235186635343254,0.6422018348623854,872,560,19155,0.1909722222222222,1.4248366013071896,2.0398009950248754
drift,15,conformal_bh,0.6716417910447762,0.04917776037588097,0.8241469816272966,1143,942,19155,0.3368055555555556,2.0592592592592593,2.6965174129353233
drift,15,conformal_bh_q005,0.7860696517412935,0.00020882276168102324,0.01990049751243781,201,4,19155,0.0,3.0,3.2139303482587063
drift,16,cusum,0.8159203980099502,0.030540328895849646,0.681024447031432,859,585,19155,0.14781746031746032,1.7073170731707317,2.129353233830846
drift,16,page_hinkley,0.9402985074626866,0.027930044374836857,0.6789340101522843,788,535,19155,0.03819444444444445,1.8571428571428572,1.9850746268656716
drift,16,ewma,0.7661691542288557,0.02913077525450274,0.6465816917728853,863,558,19155,0.2078373015873016,1.4350649350649352,2.0348258706467663
drift,16,conformal_bh,0.5671641791044776,0.05251892456277734,0.8334714167357083,1207,1006,19155,0.40029761904761907,2.0350877192982457,2.8855721393034828
drift,16,conformal_bh_q005,0.8208955223880597,0.00020882276168102324,0.01990049751243781,201,4,19155,0.000496031746031746,3.0,3.1791044776119404
drift,17,cusum,0.8805970149253731,0.02688593056643174,0.6568877551020408,784,515,19155,0.125,1.7005649717514124,1.9751243781094527
drift,17,page_hinkley,0.9701492537313433,0.026572696423910205,0.6741721854304635,755,509,19155,0.03273809523809524,1.9076923076923078,1.9701492537313432
drift,17,ewma,0.8109452736318408,0.028138867136517882,0.6267441860465116,860,539,19155,0.18948412698412698,1.3865030674846626,1.8805970149253732
drift,17,conformal_bh,0.736318407960199,0.038997650743931085,0.7879746835443038,948,747,19155,0.23561507936507936,2.0472972972972974,2.5621890547263684
drift,17,conformal_bh_q005,0.7761194029850746,0.00020882276168102324,0.02,200,4,19155,0.0,3.0,3.2238805970149254
drift,18,cusum,0.8756218905472637,0.028556512659879928,0.671990171990172,814,547,19155,0.12896825396825398,1.7272727272727273,2.009950248756219
drift,18,page_hinkley,0.9701492537313433,0.025632993996345603,0.6626180836707153,741,491,19155,0.0248015873015873,1.9435897435897436,2.0049751243781095
drift,18,ewma,0.7761194029850746,0.028191072826938137,0.6352941176470588,850,540,19155,0.19692460317460317,1.4487179487179487,2.0199004975124377
drift,18,conformal_bh,0.5870646766169154,0.0530409814669799,0.8348397699260477,1217,1016,19155,0.40625,2.0508474576271185,2.855721393034826
drift,18,conformal_bh_q005,0.8407960199004975,0.0004176455233620465,0.0392156862745098,204,8,19155,0.0,3.0,3.1592039800995027
drift,19,cusum,0.8208955223880597,0.028295484207778648,0.6716232961586122,807,542,19155,0.125,1.7818181818181817,2.1791044776119404
drift,19,page_hinkley,0.9751243781094527,0.027564604541895067,0.6777920410783055,779,528,19155,0.03273809523809524,1.8622448979591837,1.9154228855721394
drift,19,ewma,0.7412935323383084,0.02939180370660402,0.6523754345307068,863,563,19155,0.19890873015873015,1.476510067114094,2.129353233830846
drift,19,conformal_bh,0.5621890547263682,0.05272774732445837,0.8340214698596201,1211,1010,19155,0.3794642857142857,2.0353982300884956,2.8955223880597014
drift,19,conformal_bh_q005,0.7562189054726368,0.00031323414252153485,0.030456852791878174,197,6,19155,0.000496031746031746,3.0,3.243781094527363
temporary,0,cusum,0.845771144278607,0.03962951715760705,0.7997957099080695,979,783,19758,0.13194444444444445,0.12941176470588237,0.7263681592039801
temporary,0,page_hinkley,0.9303482587064676,0.033758477578702296,0.7773892773892774,858,667,19758,0.028273809523809524,0.43315508021390375,0.681592039800995
temporary,0,ewma,0.7761194029850746,0.03517562506326551,0.7808988764044944,890,695,19758,0.19940476190476192,0.0641025641025641,0.945273631840796
temporary,0,conformal_bh,0.7164179104477612,0.03132908189087964,0.7548780487804878,820,619,19758,0.2906746031746032,0.0,1.1343283582089552
temporary,0,conformal_bh_q005,0.8208955223880597,5.061241016297196e-05,0.006024096385542169,166,1,19758,0.000496031746031746,0.3090909090909091,0.9701492537313433
temporary,1,cusum,0.8855721393034826,0.03932584269662921,0.796923076923077,975,777,19758,0.13194444444444445,0.12359550561797752,0.5671641791044776
temporary,1,page_hinkley,0.9552238805970149,0.03517562506326551,0.7800224466891134,891,695,19758,0.036210317460317464,0.5,0.6567164179104478
temporary,1,ewma,0.7661691542288557,0.03426460168033202,0.7719498289623717,877,677,19758,0.1909722222222222,0.05194805194805195,0.9751243781094527
temporary,1,conformal_bh,0.5422885572139303,0.04312177345885211,0.8091168091168092,1053,852,19758,0.4052579365079365,0.009174311926605505,1.835820895522388
temporary,1,conformal_bh_q005,0.8805970149253731,5.061241016297196e-05,0.0056179775280898875,178,1,19758,0.000496031746031746,0.519774011299435,0.9353233830845771
temporary,2,cusum,0.845771144278607,0.03892094341532544,0.7977178423236515,964,769,19758,0.13740079365079366,0.12352941176470589,0.7213930348258707
temporary,2,page_hinkley,0.9502487562189055,0.03396092721935418,0.7748267898383372,866,671,19758,0.037698412698412696,0.4031413612565445,0.582089552238806
temporary,2,ewma,0.7661691542288557,0.034467051320983905,0.7773972602739726,876,681,19758,0.19593253968253968,0.025974025974025976,0.9552238805970149
temporary,2,conformal_bh,0.6268656716417911,0.037098896649458445,0.7856377277599143,933,733,19758,0.34771825396825395,0.0,1.492537313432836
temporary,2,conformal_bh_q005,0.8955223880597015,0.00010122482032594392,0.01098901098901099,182,2,19758,0.000992063492063492,0.23333333333333334,0.6268656716417911
temporary,3,cusum,0.9104477611940298,0.03806053244255492,0.7924130663856691,949,752,19758,0.1195436507936508,0.12021857923497267,0.46766169154228854
temporary,3,page_hinkley,0.9502487562189055,0.03391031480919121,0.776361529548088,863,670,19758,0.03273809523809524,0.42408376963350786,0.6019900497512438
temporary,3,ewma,0.8159203980099502,0.033707865168539325,0.7717265353418308,863,666,19758,0.18154761904761904,0.036585365853658534,0.7661691542288557
temporary,3,conformal_bh,0.8557213930348259,0.019333940682255288,0.6552315608919382,583,382,19758,0.17311507936507936,0.005813953488372093,0.582089552238806
temporary,3,conformal_bh_q005,0.8756218905472637,0.0002530620508148598,0.027624309392265192,181,5,19758,0.0,0.3806818181818182,0.8308457711442786
temporary,4,cusum,0.8557213930348259,0.03623848567668792,0.7859495060373216,911,716,19758,0.1195436507936508,0.09302325581395349,0.6567164179104478
temporary,4,page_hinkley,0.9203980099502488,0.03299929142625772,0.7734282325029656,843,652,19758,0.036210317460317464,0.4648648648648649,0.746268656716418
temporary,4,ewma,0.7711442786069652,0.03304990383642069,0.7664319248826291,852,653,19758,0.1909722222222222,0.04516129032258064,0.9502487562189055
temporary,4,conformal_bh,0.8507462686567164,0.018675979350136655,0.6473684210526316,570,369,19758,0.17063492063492064,0.017543859649122806,0.6119402985074627
temporary,4,conformal_bh_q005,0.8606965174129353,0.0003036744609778318,0.0335195530726257,179,6,19758,0.002976190476190476,0.3815028901734104,0.8855721393034826
temporary,5,cusum,0.8756218905472637,0.03957890474744407,0.7971457696228338,981,782,19758,0.1359126984126984,0.14204545454545456,0.6218905472636815
temporary,5,page_hinkley,0.9651741293532339,0.03472011337179876,0.7786606129398411,881,686,19758,0.03373015873015873,0.5,0.6218905472636815
temporary,5,ewma,0.7960199004975125,0.03441643891082093,0.7744874715261959,878,680,19758,0.1949404761904762,0.04375,0.8507462686567164
temporary,5,conformal_bh,0.6417910447761194,0.04084421500151837,0.8005952380952381,1008,807,19758,0.38095238095238093,0.007751937984496124,1.4378109452736318
temporary,5,conformal_bh_q005,0.8756218905472637,0.0,0.0,176,0,19758,0.0,0.4090909090909091,0.8557213930348259
temporary,6,cusum,0.8706467661691543,0.036795222188480615,0.7893593919652552,921,727,19758,0.12351190476190477,0.12,0.6218905472636815
temporary,6,page_hinkley,0.9502487562189055,0.03325235347707258,0.7729411764705882,850,657,19758,0.030753968253968252,0.5392670157068062,0.7114427860696517
temporary,6,ewma,0.8109452736318408,0.03299929142625772,0.7688679245283019,848,652,19758,0.1810515873015873,0.018404907975460124,0.7711442786069652
temporary,6,conformal_bh,0.6467661691542289,0.03770624557141411,0.7875264270613108,946,745,19758,0.3556547619047619,0.0,1.4129353233830846
temporary,6,conformal_bh_q005,0.845771144278607,0.0001518372304889159,0.017341040462427744,173,3,19758,0.0,0.4176470588235294,0.9701492537313433
temporary,7,cusum,0.8557213930348259,0.037858082801903024,0.7948990435706695,941,748,19758,0.12946428571428573,0.0755813953488372,0.6417910447761194
temporary,7,page_hinkley,0.9402985074626866,0.03320174106690961,0.7744982290436836,847,656,19758,0.030753968253968252,0.4708994708994709,0.681592039800995
temporary,7,ewma,0.7910447761194029,0.032898066605931774,0.7665094339622641,848,650,19758,0.18601190476190477,0.006289308176100629,0.8407960199004975
temporary,7,conformal_bh,0.6467661691542289,0.036795222188480615,0.7842502696871629,927,727,19758,0.34424603174603174,0.007692307692307693,1.4179104477611941
temporary,7,conformal_bh_q005,0.8756218905472637,0.00020244964065188785,0.022222222222222223,180,4,19758,0.000496031746031746,0.2727272727272727,0.736318407960199
temporary,8,cusum,0.8507462686567164,0.03902216823565138,0.7989637305699482,965,771,19758,0.1324404761904762,0.08771929824561403,0.6716417910447762
temporary,8,page_hinkley,0.9402985074626866,0.03360664034821338,0.772093023255814,860,664,19758,0.03422619047619048,0.43915343915343913,0.6517412935323383
temporary,8,ewma,0.8009950248756219,0.035226237473428484,0.7802690582959642,892,696,19758,0.19047619047619047,0.031055900621118012,0.8208955223880597
temporary,8,conformal_bh,0.5323383084577115,0.049701386780038465,0.8300929839391378,1183,982,19758,0.4742063492063492,0.009345794392523364,1.8756218905472637
temporary,8,conformal_bh_q005,0.845771144278607,0.0001518372304889159,0.017341040462427744,173,3,19758,0.001488095238095238,0.2823529411764706,0.8557213930348259
temporary,9,cusum,0.8905472636815921,0.037098896649458445,0.7881720430107527,930,733,19758,0.12251984126984126,0.09497206703910614,0.5223880597014925
temporary,9,page_hinkley,0.9552238805970149,0.03178459358234639,0.7621359223300971,824,628,19758,0.027777777777777776,0.5,0.6567164179104478
temporary,9,ewma,0.8159203980099502,0.0328474541957688,0.7662337662337663,847,649,19758,0.1875,0.018292682926829267,0.7512437810945274
temporary,9,conformal_bh,0.7761194029850746,0.025913554003441645,0.7180925666199158,713,512,19758,0.23859126984126985,0.0,0.8955223880597015
temporary,9,conformal_bh_q005,0.8955223880597015,0.0002530620508148598,0.02702702702702703,185,5,19758,0.00248015873015873,0.19444444444444445,0.5920398009950248
temporary,10,cusum,0.900497512437811,0.0369976718291325,0.7877155172413793,928,731,19758,0.11805555555555555,0.08287292817679558,0.472636815920398
temporary,10,page_hinkley,0.9552238805970149,0.032898066605931774,0.7683215130023641,846,650,19758,0.033234126984126984,0.4635416666666667,0.6218905472636815
temporary,10,ewma,0.8308457711442786,0.033707865168539325,0.7726218097447796,862,666,19758,0.18601190476190477,0.029940119760479042,0.7014925373134329
temporary,10,conformal_bh,0.7213930348258707,0.029861321996153458,0.7468354430379747,790,590,19758,0.2698412698412698,0.0,1.1144278606965174
temporary,10,conformal_bh_q005,0.8507462686567164,5.061241016297196e-05,0.005813953488372093,172,1,19758,0.000496031746031746,0.28654970760233917,0.8407960199004975
temporary,11,cusum,0.8656716417910447,0.03770624557141411,0.7908704883227177,942,745,19758,0.1259920634920635,0.08620689655172414,0.6119402985074627
temporary,11,page_hinkley,0.9253731343283582,0.032948679016094745,0.7713270142180095,844,651,19758,0.03720238095238095,0.478494623655914,0.7412935323383084
temporary,11,ewma,0.8009950248756219,0.03436582650065796,0.7724687144482366,879,679,19758,0.19196428571428573,0.055900621118012424,0.8407960199004975
temporary,11,conformal_bh,0.6915422885572139,0.02707763943719,0.7269021739130435,736,535,19758,0.25297619047619047,0.014388489208633094,1.243781094527363
temporary,11,conformal_bh_q005,0.8557213930348259,5.061241016297196e-05,0.005780346820809248,173,1,19758,0.000496031746031746,0.3081395348837209,0.8407960199004975
temporary,12,cusum,0.8756218905472637,0.037149509059621416,0.7875536480686696,932,734,19758,0.12301587301587301,0.10795454545454546,0.5920398009950248
temporary,12,page_hinkley,0.9353233830845771,0.03593481121571009,0.7862679955703211,903,710,19758,0.04017857142857143,0.4574468085106383,0.6865671641791045
temporary,12,ewma,0.8109452736318408,0.034517663731146876,0.775,880,682,19758,0.19593253968253968,0.024539877300613498,0.7761194029850746
temporary,12,conformal_bh,0.7014925373134329,0.02758376353881972,0.7305630026809652,746,545,19758,0.25496031746031744,0.0070921985815602835,1.199004975124378
temporary,12,conformal_bh_q005,0.8805970149253731,0.00045551169146674765,0.047872340425531915,188,9,19758,0.003472222222222222,0.4350282485875706,0.8606965174129353
temporary,13,cusum,0.8706467661691543,0.03957890474744407,0.7995910020449898,978,782,19758,0.12698412698412698,0.17714285714285713,0.6716417910447762
temporary,13,page_hinkley,0.9502487562189055,0.035276849883591456,0.7822671156004489,891,697,19758,0.029265873015873016,0.47643979057591623,0.6517412935323383
temporary,13,ewma,0.8009950248756219,0.03542868711408037,0.7777777777777778,900,700,19758,0.19890873015873015,0.062111801242236024,0.845771144278607
temporary,13,conformal_bh,0.7810945273631841,0.023129871444478187,0.6945288753799392,658,457,19758,0.2078373015873016,0.012738853503184714,0.8855721393034826
temporary,13,conformal_bh_q005,0.7910447761194029,5.061241016297196e-05,0.00625,160,1,19758,0.000496031746031746,0.3333333333333333,1.099502487562189
temporary,14,cusum,0.845771144278607,0.035985423625873064,0.7847682119205298,906,711,19758,0.11755952380952381,0.07647058823529412,0.681592039800995
temporary,14,page_hinkley,0.9651741293532339,0.03512501265310254,0.7797752808988764,890,694,19758,0.032242063492063495,0.520618556701031,0.6417910447761194
temporary,14,ewma,0.7711442786069652,0.035529911934406314,0.7808676307007787,899,702,19758,0.19196428571428573,0.01935483870967742,0.9303482587064676
temporary,14,conformal_bh,0.7910447761194029,0.017916793197692075,0.6378378378378379,555,354,19758,0.15327380952380953,0.012578616352201259,0.845771144278607
temporary,14,conformal_bh_q005,0.8109452736318408,0.0002530620508148598,0.02976190476190476,168,5,19758,0.000992063492063492,0.43558282208588955,1.109452736318408
temporary,15,cusum,0.835820895522388,0.03735195870027331,0.7893048128342246,935,738,19758,0.12103174603174603,0.08928571428571429,0.7313432835820896
temporary,15,page_hinkley,0.9353233830845771,0.03360664034821338,0.7757009345794392,856,664,19758,0.03125,0.4148936170212766,0.6467661691542289
temporary,15,ewma,0.7611940298507462,0.033404190707561496,0.7701283547257877,857,660,19758,0.19543650793650794,0.0196078431372549,0.9701492537313433
temporary,15,conformal_bh,0.6567164179104478,0.03360664034821338,0.7676300578034682,865,664,19758,0.3169642857142857,0.015151515151515152,1.3830845771144278
temporary,15,conformal_bh_q005,0.835820895522388,0.00010122482032594392,0.011764705882352941,170,2,19758,0.000992063492063492,0.35714285714285715,0.9552238805970149
temporary,16,cusum,0.8855721393034826,0.03876910618483652,0.7954309449636553,963,766,19758,0.12996031746031747,0.08426966292134831,0.5323383084577115
temporary,16,page_hinkley,0.9402985074626866,0.03461888855147282,0.7781569965870307,879,684,19758,0.03125,0.5132275132275133,0.7213930348258707
temporary,16,ewma,0.7960199004975125,0.034770725781961734,0.7753950338600452,886,687,19758,0.20337301587301587,0.025,0.835820895522388
temporary,16,conformal_bh,0.5621890547263682,0.03932584269662921,0.7944785276073619,978,777,19758,0.37549603174603174,0.0,1.7512437810945274
temporary,16,conformal_bh_q005,0.8208955223880597,5.061241016297196e-05,0.006024096385542169,166,1,19758,0.000496031746031746,0.3212121212121212,0.9800995024875622
temporary,17,cusum,0.8855721393034826,0.03740257111043628,0.7886872998932765,937,739,19758,0.12549603174603174,0.12359550561797752,0.5671641791044776
temporary,17,page_hinkley,0.945273631840796,0.03360664034821338,0.7757009345794392,856,664,19758,0.03373015873015873,0.45263157894736844,0.6467661691542289
temporary,17,ewma,0.8308457711442786,0.03229071768397611,0.7604290822407628,839,638,19758,0.18501984126984128,0.029940119760479042,0.7014925373134329
temporary,17,conformal_bh,0.8656716417910447,0.018625366939973683,0.6467486818980668,569,368,19758,0.16468253968253968,0.011494252873563218,0.5472636815920398
temporary,17,conformal_bh_q005,0.8656716417910447,0.00010122482032594392,0.011363636363636364,176,2,19758,0.000992063492063492,0.3620689655172414,0.8507462686567164
temporary,18,cusum,0.8706467661691543,0.03740257111043628,0.7886872998932765,937,739,19758,0.1185515873015873,0.04,0.5522388059701493
temporary,18,page_hinkley,0.9402985074626866,0.034517663731146876,0.7776510832383124,877,682,19758,0.03521825396825397,0.41798941798941797,0.6318407960199005
temporary,18,ewma,0.8009950248756219,0.035681749164895235,0.7815964523281597,902,705,19758,0.19246031746031747,0.012422360248447204,0.8059701492537313
temporary,18,conformal_bh,0.6318407960199005,0.03927523028646624,0.7942681678607983,977,776,19758,0.3635912698412698,0.0,1.472636815920398
temporary,18,conformal_bh_q005,0.8507462686567164,5.061241016297196e-05,0.005813953488372093,172,1,19758,0.000496031746031746,0.11695906432748537,0.6965174129353234
temporary,19,cusum,0.8656716417910447,0.038667881364510576,0.7983281086729362,957,764,19758,0.1259920634920635,0.08620689655172414,0.6119402985074627
temporary,19,page_hinkley,0.9402985074626866,0.03360664034821338,0.7738927738927739,858,664,19758,0.03670634920634921,0.42328042328042326,0.6368159203980099
temporary,19,ewma,0.8059701492537313,0.03482133819212471,0.7782805429864253,884,688,19758,0.19990079365079366,0.037037037037037035,0.8059701492537313
temporary,19,conformal_bh,0.8557213930348259,0.014930660998076729,0.5959595959595959,495,295,19758,0.13194444444444445,0.01744186046511628,0.5920398009950248
temporary,19,conformal_bh_q005,0.8407960199004975,5.061241016297196e-05,0.0058823529411764705,170,1,19758,0.000496031746031746,0.3727810650887574,0.9502487562189055
national,0,cusum,,0.031994047619047616,1.0,645,645,20160,0.1453373015873016,,
national,0,page_hinkley,,0.03005952380952381,1.0,606,606,20160,0.03819444444444445,,
national,0,ewma,,0.03040674603174603,1.0,613,613,20160,0.21329365079365079,,
national,0,conformal_bh,,0.03531746031746032,1.0,712,712,20160,0.34970238095238093,,
national,0,conformal_bh_q005,,9.92063492063492e-05,1.0,2,2,20160,0.000992063492063492,,
national,1,cusum,,0.03125,1.0,630,630,20160,0.13839285714285715,,
national,1,page_hinkley,,0.029117063492063493,1.0,587,587,20160,0.030753968253968252,,
national,1,ewma,,0.02941468253968254,1.0,593,593,20160,0.20932539682539683,,
national,1,conformal_bh,,0.03343253968253968,1.0,674,674,20160,0.3323412698412698,,
national,1,conformal_bh_q005,,9.92063492063492e-05,1.0,2,2,20160,0.000992063492063492,,
national,2,cusum,,0.025892857142857145,1.0,522,522,20160,0.11755952380952381,,
national,2,page_hinkley,,0.025148809523809525,1.0,507,507,20160,0.031746031746031744,,
national,2,ewma,,0.026041666666666668,1.0,525,525,20160,0.18204365079365079,,
national,2,conformal_bh,,0.016765873015873015,1.0,338,338,20160,0.1671626984126984,,
national,2,conformal_bh_q005,,0.0001984126984126984,1.0,4,4,20160,0.001984126984126984,,
national,3,cusum,,0.029563492063492063,1.0,596,596,20160,0.13293650793650794,,
national,3,page_hinkley,,0.02713293650793651,1.0,547,547,20160,0.032242063492063495,,
national,3,ewma,,0.02748015873015873,1.0,554,554,20160,0.19146825396825398,,
national,3,conformal_bh,,0.020089285714285716,1.0,405,405,20160,0.19890873015873015,,
national,3,conformal_bh_q005,,0.00034722222222222224,1.0,7,7,20160,0.003472222222222222,,
national,4,cusum,,0.030307539682539682,1.0,611,611,20160,0.13740079365079366,,
national,4,page_hinkley,,0.027678571428571427,1.0,558,558,20160,0.03422619047619048,,
national,4,ewma,,0.029166666666666667,1.0,588,588,20160,0.20238095238095238,,
national,4,conformal_bh,,0.018501984126984127,1.0,373,373,20160,0.18353174603174602,,
national,4,conformal_bh_q005,,0.0001984126984126984,1.0,4,4,20160,0.001984126984126984,,
national,5,cusum,,0.02757936507936508,1.0,556,556,20160,0.12301587301587301,,
national,5,page_hinkley,,0.026984126984126985,1.0,544,544,20160,0.03273809523809524,,
national,5,ewma,,0.026240079365079366,1.0,529,529,20160,0.18253968253968253,,
national,5,conformal_bh,,0.028720238095238094,1.0,579,579,20160,0.2867063492063492,,
national,5,conformal_bh_q005,,4.96031746031746e-05,1.0,1,1,20160,0.000496031746031746,,
national,6,cusum,,0.02996031746031746,1.0,604,604,20160,0.13045634920634921,,
national,6,page_hinkley,,0.02748015873015873,1.0,554,554,20160,0.033234126984126984,,
national,6,ewma,,0.027976190476190477,1.0,564,564,20160,0.19692460317460317,,
national,6,conformal_bh,,0.043154761904761904,1.0,870,870,20160,0.4305555555555556,,
national,6,conformal_bh_q005,,4.96031746031746e-05,1.0,1,1,20160,0.000496031746031746,,
national,7,cusum,,0.030357142857142857,1.0,612,612,20160,0.13541666666666666,,
national,7,page_hinkley,,0.029117063492063493,1.0,587,587,20160,0.03571428571428571,,
national,7,ewma,,0.02857142857142857,1.0,576,576,20160,0.19791666666666666,,
national,7,conformal_bh,,0.03958333333333333,1.0,798,798,20160,0.39533730158730157,,
national,7,conformal_bh_q005,,0.000248015873015873,1.0,5,5,20160,0.00248015873015873,,
national,8,cusum,,0.029464285714285714,1.0,594,594,20160,0.12996031746031747,,
national,8,page_hinkley,,0.027182539682539683,1.0,548,548,20160,0.03422619047619048,,
national,8,ewma,,0.027728174603174602,1.0,559,559,20160,0.1909722222222222,,
national,8,conformal_bh,,0.02683531746031746,1.0,541,541,20160,0.2673611111111111,,
national,8,conformal_bh_q005,,0.000248015873015873,1.0,5,5,20160,0.00248015873015873,,
national,9,cusum,,0.029513888888888888,1.0,595,595,20160,0.12797619047619047,,
national,9,page_hinkley,,0.02822420634920635,1.0,569,569,20160,0.032242063492063495,,
national,9,ewma,,0.029365079365079365,1.0,592,592,20160,0.2013888888888889,,
national,9,conformal_bh,,0.03869047619047619,1.0,780,780,20160,0.3854166666666667,,
national,9,conformal_bh_q005,,0.0,0.0,0,0,20160,0.0,,
national,10,cusum,,0.025148809523809525,1.0,507,507,20160,0.1056547619047619,,
national,10,page_hinkley,,0.024603174603174603,1.0,496,496,20160,0.0248015873015873,,
national,10,ewma,,0.028025793650793652,1.0,565,565,20160,0.18898809523809523,,
national,10,conformal_bh,,0.005009920634920635,1.0,101,101,20160,0.047619047619047616,,
national,10,conformal_bh_q005,,0.0001984126984126984,1.0,4,4,20160,0.001984126984126984,,
national,11,cusum,,0.03015873015873016,1.0,608,608,20160,0.1349206349206349,,
national,11,page_hinkley,,0.02857142857142857,1.0,576,576,20160,0.03571428571428571,,
national,11,ewma,,0.027430555555555555,1.0,553,553,20160,0.18551587301587302,,
national,11,conformal_bh,,0.03244047619047619,1.0,654,654,20160,0.32341269841269843,,
national,11,conformal_bh_q005,,0.0,0.0,0,0,20160,0.0,,
national,12,cusum,,0.028422619047619047,1.0,573,573,20160,0.12648809523809523,,
national,12,page_hinkley,,0.02857142857142857,1.0,576,576,20160,0.03670634920634921,,
national,12,ewma,,0.027281746031746032,1.0,550,550,20160,0.1939484126984127,,
national,12,conformal_bh,,0.03799603174603174,1.0,766,766,20160,0.37896825396825395,,
national,12,conformal_bh_q005,,0.00029761904761904765,1.0,6,6,20160,0.002976190476190476,,
national,13,cusum,,0.030109126984126985,1.0,607,607,20160,0.13045634920634921,,
national,13,page_hinkley,,0.030357142857142857,1.0,612,612,20160,0.03720238095238095,,
national,13,ewma,,0.029166666666666667,1.0,588,588,20160,0.1984126984126984,,
national,13,conformal_bh,,0.03968253968253968,1.0,800,800,20160,0.39533730158730157,,
national,13,conformal_bh_q005,,9.92063492063492e-05,1.0,2,2,20160,0.000992063492063492,,
national,14,cusum,,0.02896825396825397,1.0,584,584,20160,0.12748015873015872,,
national,14,page_hinkley,,0.025992063492063493,1.0,524,524,20160,0.027281746031746032,,
national,14,ewma,,0.027777777777777776,1.0,560,560,20160,0.18948412698412698,,
national,14,conformal_bh,,0.019642857142857142,1.0,396,396,20160,0.1949404761904762,,
national,14,conformal_bh_q005,,0.000248015873015873,1.0,5,5,20160,0.00248015873015873,,
national,15,cusum,,0.028273809523809524,1.0,570,570,20160,0.12450396825396826,,
national,15,page_hinkley,,0.02867063492063492,1.0,578,578,20160,0.036210317460317464,,
national,15,ewma,,0.027529761904761904,1.0,555,555,20160,0.19047619047619047,,
national,15,conformal_bh,,0.026537698412698412,1.0,535,535,20160,0.26438492063492064,,
national,15,conformal_bh_q005,,0.0001984126984126984,1.0,4,4,20160,0.000992063492063492,,
national,16,cusum,,0.030853174603174605,1.0,622,622,20160,0.1349206349206349,,
national,16,page_hinkley,,0.027976190476190477,1.0,564,564,20160,0.03373015873015873,,
national,16,ewma,,0.02857142857142857,1.0,576,576,20160,0.20535714285714285,,
national,16,conformal_bh,,0.035515873015873015,1.0,716,716,20160,0.3541666666666667,,
national,16,conformal_bh_q005,,9.92063492063492e-05,1.0,2,2,20160,0.000992063492063492,,
national,17,cusum,,0.029166666666666667,1.0,588,588,20160,0.1349206349206349,,
national,17,page_hinkley,,0.028521825396825396,1.0,575,575,20160,0.033234126984126984,,
national,17,ewma,,0.028720238095238094,1.0,579,579,20160,0.1984126984126984,,
national,17,conformal_bh,,0.040873015873015874,1.0,824,824,20160,0.40773809523809523,,
national,17,conformal_bh_q005,,0.00014880952380952382,1.0,3,3,20160,0.001488095238095238,,
national,18,cusum,,0.02748015873015873,1.0,554,554,20160,0.12351190476190477,,
national,18,page_hinkley,,0.027281746031746032,1.0,550,550,20160,0.03670634920634921,,
national,18,ewma,,0.027777777777777776,1.0,560,560,20160,0.19890873015873015,,
national,18,conformal_bh,,0.013888888888888888,1.0,280,280,20160,0.13839285714285715,,
national,18,conformal_bh_q005,,0.0,0.0,0,0,20160,0.0,,
national,19,cusum,,0.03050595238095238,1.0,615,615,20160,0.13194444444444445,,
national,19,page_hinkley,,0.02896825396825397,1.0,584,584,20160,0.040674603174603176,,
national,19,ewma,,0.028174603174603175,1.0,568,568,20160,0.1884920634920635,,
national,19,conformal_bh,,0.02003968253968254,1.0,404,404,20160,0.19890873015873015,,
national,19,conformal_bh_q005,,0.0,0.0,0,0,20160,0.0,,
