date,loan_rate,deposit_rate,confidence,save_preference
2022-01-01,11.6,5.08,91.613861,50.445544999999996
2022-02-01,11.49,6.37,89.251363,50.322261
2022-03-01,11.67,18.79,80.199203,49.551793
2022-04-01,15.6,14.03,87.34127,50.694445
2022-05-01,15.52,8.06,88.860258,52.973241
2022-06-01,14.37,6.97,92.797619,52.033731
2022-07-01,12.75,6.21,97.652909,52.610641
2022-08-01,12.43,5.06,98.28,52.45
2022-09-01,11.96,5.55,97.80198,50.643564
2022-10-01,12.25,5.17,92.702837,53.807863999999995
2022-11-01,12.36,5.35,94.642857,52.976191
2022-12-01,11.75,5.48,94.905473,54.328358
2023-01-01,13.4,5.35,101.390959,54.942872
2023-02-01,12.65,5.42,102.166998,55.864811
2023-03-01,12.61,5.81,103.803863,57.305597
2023-04-01,12.63,5.68,105.853175,52.628968
2023-05-01,12.86,5.52,103.722555,53.692615
2023-06-01,12.69,5.4,103.108911,51.138614000000004
2023-07-01,12.51,5.75,102.739454,51.414393000000004
2023-08-01,12.32,8.64,105.622211,51.710460999999995
2023-09-01,12.46,9.47,102.356436,53.217822
2023-10-01,13.59,10.06,101.922696,55.302279
2023-11-01,13.71,11.73,102.306931,51.287128
2023-12-01,13.8,12.89,101.791936,51.816824
2024-01-01,17.69,14.49,108.188119,51.584158
2024-02-01,18.66,14.61,109.326733,53.316831
2024-03-01,17.55,14.67,113.330025,53.945409
2024-04-01,17.28,14.81,112.619522,51.743028
2024-05-01,17.04,15.09,112.247525,52.425742
2024-06-01,15.61,16.45,109.905894,51.758296
2024-07-01,19.38,16.33,108.666336,51.611304000000004
2024-08-01,19.58,16.76,104.982665,51.461119
2024-09-01,19.13,17.59,105.1980198019802,53.76237623762376
2024-10-01,19.26,18.96,104.42793462109955,51.510648836057456
2024-11-01,19.51,20.54,103.96039603960396,53.019801980198025
2024-12-01,20.94,21.57,,
