source,experiment,comparator,window,canonical_test_id
results/hypotheses/predictions.parquet,univariate_ridge,ridge_seasonal_ensemble,public_origins_jun_sep,test_00293
results/hypotheses/predictions.parquet,univariate_ridge,ridge_seasonal_ensemble,later_origins,test_00294
results/hypotheses/predictions.parquet,univariate_ridge,ridge_seasonal_ensemble,targets_jun_sep,test_00295
results/hypotheses/predictions.parquet,univariate_ridge,ridge_seasonal_ensemble,targets_oct_nov,test_00296
results/hypotheses/predictions.parquet,univariate_ridge,ridge_seasonal_ensemble,targets_dec,test_00297
results/hypotheses/predictions.parquet,univariate_ridge,ridge_seasonal_ensemble,targets_jan_may,test_00298
results/hypotheses/predictions.parquet,univariate_ridge,ridge_seasonal_ensemble,all_available,test_00299
results/hypotheses/predictions.parquet,univariate_ridge,ridge_seasonal_ensemble,public_origins_jun_sep/h6,test_00300
results/hypotheses/predictions.parquet,univariate_ridge,ridge_seasonal_ensemble,targets_jun_sep/h6,test_00301
results/hypotheses/predictions.parquet,univariate_ridge,ridge_seasonal_ensemble,targets_oct_nov/h6,test_00302
results/hypotheses/predictions.parquet,univariate_ridge,ridge_seasonal_ensemble,targets_dec/h6,test_00303
results/hypotheses/predictions.parquet,univariate_ridge,ridge_seasonal_ensemble,all_available/h6,test_00304
results/hypotheses/predictions.parquet,weighted_factor_damped_yoy_trend,ridge_seasonal_ensemble,public_origins_jun_sep,test_00238
results/hypotheses/predictions.parquet,weighted_factor_damped_yoy_trend,ridge_seasonal_ensemble,later_origins,test_00239
results/hypotheses/predictions.parquet,weighted_factor_damped_yoy_trend,ridge_seasonal_ensemble,targets_oct_nov,test_00241
results/hypotheses/predictions.parquet,weighted_factor_damped_yoy_trend,ridge_seasonal_ensemble,targets_dec,test_00242
results/hypotheses/predictions.parquet,weighted_factor_median3_yoy,ridge_seasonal_ensemble,public_origins_jun_sep/h6,test_00332
results/hypotheses/predictions.parquet,weighted_factor_median3_yoy,ridge_seasonal_ensemble,targets_dec/h6,test_00335
results/hypotheses/predictions.parquet,weighted_panel_ridge,ridge_seasonal_ensemble,public_origins_jun_sep,test_00238
results/hypotheses/predictions.parquet,weighted_panel_ridge,ridge_seasonal_ensemble,later_origins,test_00239
results/hypotheses/predictions.parquet,weighted_panel_ridge,ridge_seasonal_ensemble,targets_jun_sep,test_00305
results/hypotheses/predictions.parquet,weighted_panel_ridge,ridge_seasonal_ensemble,targets_oct_nov,test_00241
results/hypotheses/predictions.parquet,weighted_panel_ridge,ridge_seasonal_ensemble,targets_dec,test_00242
results/hypotheses/predictions.parquet,weighted_panel_ridge,ridge_seasonal_ensemble,targets_jan_may,test_00306
results/hypotheses/predictions.parquet,weighted_panel_ridge,ridge_seasonal_ensemble,all_available,test_00307
results/hypotheses/predictions.parquet,weighted_panel_ridge,ridge_seasonal_ensemble,public_origins_jun_sep/h6,test_00308
results/hypotheses/predictions.parquet,weighted_panel_ridge,ridge_seasonal_ensemble,targets_jun_sep/h6,test_00309
results/hypotheses/predictions.parquet,weighted_panel_ridge,ridge_seasonal_ensemble,targets_oct_nov/h6,test_00310
results/hypotheses/predictions.parquet,weighted_panel_ridge,ridge_seasonal_ensemble,targets_dec/h6,test_00311
results/hypotheses/predictions.parquet,weighted_panel_ridge,ridge_seasonal_ensemble,all_available/h6,test_00312
results/reference_audit/predictions.parquet,seasonal_naive,public_ens3_mean,public_origins_jun_sep,test_00789
results/reference_audit/predictions.parquet,seasonal_naive,public_ens3_mean,later_origins,test_00790
results/reference_audit/predictions.parquet,seasonal_naive,public_ens3_mean,targets_jun_sep,test_00791
results/reference_audit/predictions.parquet,seasonal_naive,public_ens3_mean,targets_oct_nov,test_00792
results/reference_audit/predictions.parquet,seasonal_naive,public_ens3_mean,targets_dec,test_00793
results/reference_audit/predictions.parquet,seasonal_naive,public_ens3_mean,targets_jan_may,test_00794
results/reference_audit/predictions.parquet,seasonal_naive,public_ens3_mean,all_available,test_00795
results/reference_audit/predictions.parquet,univariate_ridge,public_ens3_mean,public_origins_jun_sep,test_00838
results/reference_audit/predictions.parquet,univariate_ridge,public_ens3_mean,later_origins,test_00839
results/reference_audit/predictions.parquet,univariate_ridge,public_ens3_mean,targets_jun_sep,test_00840
results/reference_audit/predictions.parquet,univariate_ridge,public_ens3_mean,targets_oct_nov,test_00841
results/reference_audit/predictions.parquet,univariate_ridge,public_ens3_mean,targets_dec,test_00842
results/reference_audit/predictions.parquet,univariate_ridge,public_ens3_mean,targets_jan_may,test_00843
results/reference_audit/predictions.parquet,univariate_ridge,public_ens3_mean,all_available,test_00844
results/reference_audit/predictions.parquet,weighted_factor_damped_yoy_trend,public_ens3_mean,public_origins_jun_sep,test_00803
results/reference_audit/predictions.parquet,weighted_factor_damped_yoy_trend,public_ens3_mean,later_origins,test_00804
results/reference_audit/predictions.parquet,weighted_factor_damped_yoy_trend,public_ens3_mean,targets_oct_nov,test_00806
results/reference_audit/predictions.parquet,weighted_factor_damped_yoy_trend,public_ens3_mean,targets_dec,test_00807
results/reference_audit/predictions.parquet,weighted_panel_ridge,public_ens3_mean,public_origins_jun_sep,test_00803
results/reference_audit/predictions.parquet,weighted_panel_ridge,public_ens3_mean,later_origins,test_00804
results/reference_audit/predictions.parquet,weighted_panel_ridge,public_ens3_mean,targets_jun_sep,test_00859
results/reference_audit/predictions.parquet,weighted_panel_ridge,public_ens3_mean,targets_oct_nov,test_00806
results/reference_audit/predictions.parquet,weighted_panel_ridge,public_ens3_mean,targets_dec,test_00807
results/reference_audit/predictions.parquet,weighted_panel_ridge,public_ens3_mean,targets_jan_may,test_00860
results/reference_audit/predictions.parquet,weighted_panel_ridge,public_ens3_mean,all_available,test_00861
results/reference_audit/predictions.parquet,weighted_panel_ridge_public_factor_mean1,public_ens3_mean,public_origins_jun_sep,test_00869
results/reference_audit/predictions.parquet,weighted_panel_ridge_public_factor_mean1,public_ens3_mean,later_origins,test_00870
results/reference_audit/predictions.parquet,weighted_panel_ridge_public_factor_mean1,public_ens3_mean,targets_jun_sep,test_00871
results/reference_audit/predictions.parquet,weighted_panel_ridge_public_factor_mean1,public_ens3_mean,targets_oct_nov,test_00872
results/reference_audit/predictions.parquet,weighted_panel_ridge_public_factor_mean1,public_ens3_mean,targets_dec,test_00873
results/reference_audit/predictions.parquet,weighted_panel_ridge_public_factor_mean1,public_ens3_mean,targets_jan_may,test_00874
results/reference_audit/predictions.parquet,weighted_panel_ridge_public_factor_mean1,public_ens3_mean,all_available,test_00875
results/point_ensemble/predictions.parquet,bolt_ridge_seasonal_ema,reference_ens3,public_origins_jun_sep,test_00986
results/point_ensemble/predictions.parquet,bolt_ridge_seasonal_ema,reference_ens3,later_origins,test_00987
results/point_ensemble/predictions.parquet,bolt_ridge_seasonal_ema,reference_ens3,targets_oct_nov,test_00989
results/point_ensemble/predictions.parquet,bolt_ridge_seasonal_ema,reference_ens3,targets_dec,test_00990
results/point_ensemble/predictions.parquet,bolt_ridge_seasonal_mean1,reference_ens3,public_origins_jun_sep,test_00993
results/point_ensemble/predictions.parquet,bolt_ridge_seasonal_mean1,reference_ens3,later_origins,test_00994
results/point_ensemble/predictions.parquet,bolt_ridge_seasonal_mean1,reference_ens3,targets_oct_nov,test_00996
results/point_ensemble/predictions.parquet,bolt_ridge_seasonal_mean1,reference_ens3,targets_dec,test_00997
results/point_ensemble/predictions.parquet,bolt_ridge_seasonal_mean3,reference_ens3,public_origins_jun_sep,test_01000
results/point_ensemble/predictions.parquet,bolt_ridge_seasonal_mean3,reference_ens3,later_origins,test_01001
results/point_ensemble/predictions.parquet,bolt_ridge_seasonal_mean3,reference_ens3,targets_oct_nov,test_01003
results/point_ensemble/predictions.parquet,bolt_ridge_seasonal_mean3,reference_ens3,targets_dec,test_01004
results/point_ensemble/predictions.parquet,ens3_factor_ema,reference_ens3,public_origins_jun_sep,test_01007
results/point_ensemble/predictions.parquet,ens3_factor_ema,reference_ens3,later_origins,test_01008
results/point_ensemble/predictions.parquet,ens3_factor_ema,reference_ens3,targets_oct_nov,test_01010
results/point_ensemble/predictions.parquet,ens3_factor_ema,reference_ens3,targets_dec,test_01011
results/point_ensemble/predictions.parquet,ens3_factor_mean1,reference_ens3,public_origins_jun_sep,test_01014
results/point_ensemble/predictions.parquet,ens3_factor_mean1,reference_ens3,later_origins,test_01015
results/point_ensemble/predictions.parquet,ens3_factor_mean1,reference_ens3,targets_oct_nov,test_01017
results/point_ensemble/predictions.parquet,ens3_factor_mean1,reference_ens3,targets_dec,test_01018
results/point_ensemble/predictions.parquet,ens3_factor_mean3,reference_ens3,public_origins_jun_sep,test_01021
results/point_ensemble/predictions.parquet,ens3_factor_mean3,reference_ens3,later_origins,test_01022
results/point_ensemble/predictions.parquet,ens3_factor_mean3,reference_ens3,targets_oct_nov,test_01024
results/point_ensemble/predictions.parquet,ens3_factor_mean3,reference_ens3,targets_dec,test_01025
results/point_ensemble/predictions.parquet,ens4_factor_ema,reference_ens3,public_origins_jun_sep,test_01028
results/point_ensemble/predictions.parquet,ens4_factor_ema,reference_ens3,later_origins,test_01029
results/point_ensemble/predictions.parquet,ens4_factor_ema,reference_ens3,targets_oct_nov,test_01031
results/point_ensemble/predictions.parquet,ens4_factor_ema,reference_ens3,targets_dec,test_01032
results/point_ensemble/predictions.parquet,ens4_factor_mean1,reference_ens3,public_origins_jun_sep,test_01035
results/point_ensemble/predictions.parquet,ens4_factor_mean1,reference_ens3,later_origins,test_01036
results/point_ensemble/predictions.parquet,ens4_factor_mean1,reference_ens3,targets_oct_nov,test_01038
results/point_ensemble/predictions.parquet,ens4_factor_mean1,reference_ens3,targets_dec,test_01039
results/point_ensemble/predictions.parquet,ens4_factor_mean3,reference_ens3,public_origins_jun_sep,test_01042
results/point_ensemble/predictions.parquet,ens4_factor_mean3,reference_ens3,later_origins,test_01043
results/point_ensemble/predictions.parquet,ens4_factor_mean3,reference_ens3,targets_oct_nov,test_01045
results/point_ensemble/predictions.parquet,ens4_factor_mean3,reference_ens3,targets_dec,test_01046
results/point_ensemble/predictions.parquet,local_ema_ens4,reference_ens3,public_origins_jun_sep,test_01049
results/point_ensemble/predictions.parquet,local_ema_ens4,reference_ens3,later_origins,test_01050
results/point_ensemble/predictions.parquet,local_ema_ens4,reference_ens3,targets_oct_nov,test_01052
results/point_ensemble/predictions.parquet,local_ema_ens4,reference_ens3,targets_dec,test_01053
results/point_ensemble/predictions.parquet,mixed_ets_bolt_ema,reference_ens3,public_origins_jun_sep,test_01056
results/point_ensemble/predictions.parquet,mixed_ets_bolt_ema,reference_ens3,later_origins,test_01057
results/point_ensemble/predictions.parquet,mixed_ets_bolt_ema,reference_ens3,targets_oct_nov,test_01059
results/point_ensemble/predictions.parquet,mixed_ets_bolt_ema,reference_ens3,targets_dec,test_01060
results/point_ensemble/predictions.parquet,mixed_ridge_ema,reference_ens3,public_origins_jun_sep,test_01063
results/point_ensemble/predictions.parquet,mixed_ridge_ema,reference_ens3,later_origins,test_01064
results/point_ensemble/predictions.parquet,mixed_ridge_ema,reference_ens3,targets_oct_nov,test_01066
results/point_ensemble/predictions.parquet,mixed_ridge_ema,reference_ens3,targets_dec,test_01067
results/point_ensemble/predictions.parquet,reference_plus_previous_0.1,reference_ens3,public_origins_jun_sep,test_01070
results/point_ensemble/predictions.parquet,reference_plus_previous_0.1,reference_ens3,later_origins,test_01071
results/point_ensemble/predictions.parquet,reference_plus_previous_0.1,reference_ens3,targets_oct_nov,test_01073
results/point_ensemble/predictions.parquet,reference_plus_previous_0.1,reference_ens3,targets_dec,test_01074
results/point_ensemble/predictions.parquet,reference_plus_previous_0.2,reference_ens3,public_origins_jun_sep,test_01077
results/point_ensemble/predictions.parquet,reference_plus_previous_0.2,reference_ens3,later_origins,test_01078
results/point_ensemble/predictions.parquet,reference_plus_previous_0.2,reference_ens3,targets_oct_nov,test_01080
results/point_ensemble/predictions.parquet,reference_plus_previous_0.2,reference_ens3,targets_dec,test_01081
results/point_ensemble/predictions.parquet,reference_plus_previous_0.3,reference_ens3,public_origins_jun_sep,test_01084
results/point_ensemble/predictions.parquet,reference_plus_previous_0.3,reference_ens3,later_origins,test_01085
results/point_ensemble/predictions.parquet,reference_plus_previous_0.3,reference_ens3,targets_oct_nov,test_01087
results/point_ensemble/predictions.parquet,reference_plus_previous_0.3,reference_ens3,targets_dec,test_01088
results/next_forecast_checks/predictions.parquet,calendar_days_half,anchor_ema,public_origins_jun_sep,test_01139
results/next_forecast_checks/predictions.parquet,calendar_days_half,anchor_ema,later_origins,test_01140
results/next_forecast_checks/predictions.parquet,calendar_days_half,anchor_ema,targets_jun_sep,test_01141
results/next_forecast_checks/predictions.parquet,calendar_days_half,anchor_ema,targets_oct_nov,test_01142
results/next_forecast_checks/predictions.parquet,calendar_days_half,anchor_ema,targets_dec,test_01143
results/next_forecast_checks/predictions.parquet,calendar_days_half,anchor_ema,targets_jan_may,test_01144
results/next_forecast_checks/predictions.parquet,calendar_days_half,anchor_ema,all_available,test_01145
results/next_forecast_checks/predictions.parquet,factor_ar_calendar,anchor_ema,targets_jan_may,test_01144
results/next_forecast_checks/predictions.parquet,factor_ar_calendar_rate,anchor_ema,targets_jan_may,test_01144
results/next_forecast_checks/predictions.parquet,past_mae_stacking,anchor_ema,targets_jan_may,test_01144
results/full_calendar/predictions.parquet,calendar_local_factor,structure_macro,targets_jan_may,test_01311
results/residual_economy/predictions.parquet,residual_all_exposures,structure_macro_prices_wages,targets_jan_may,test_01324
results/residual_economy/predictions.parquet,residual_all_lag3,structure_macro_prices_wages,targets_jan_may,test_01324
results/residual_economy/predictions.parquet,residual_credit,structure_macro_prices_wages,targets_jan_may,test_01324
results/residual_economy/predictions.parquet,residual_expectations,structure_macro_prices_wages,targets_jan_may,test_01324
results/residual_economy/predictions.parquet,residual_only,structure_macro_prices_wages,targets_jan_may,test_01324
results/residual_economy/predictions.parquet,residual_savings,structure_macro_prices_wages,targets_jan_may,test_01324
results/combined_sources/predictions.parquet,composition,anchor,public_origins_jun_sep,test_01178
results/combined_sources/predictions.parquet,composition,anchor,later_origins,test_01179
results/combined_sources/predictions.parquet,composition,anchor,targets_jun_sep,test_01180
results/combined_sources/predictions.parquet,composition,anchor,targets_oct_nov,test_01181
results/combined_sources/predictions.parquet,composition,anchor,targets_dec,test_01182
results/combined_sources/predictions.parquet,composition,anchor,targets_jan_may,test_01183
results/combined_sources/predictions.parquet,composition,anchor,all_available,test_01184
results/combined_sources/predictions.parquet,macro_interactions,anchor,public_origins_jun_sep,test_01199
results/combined_sources/predictions.parquet,macro_interactions,anchor,later_origins,test_01200
results/combined_sources/predictions.parquet,macro_interactions,anchor,targets_jun_sep,test_01201
results/combined_sources/predictions.parquet,macro_interactions,anchor,targets_oct_nov,test_01202
results/combined_sources/predictions.parquet,macro_interactions,anchor,targets_dec,test_01203
results/combined_sources/predictions.parquet,macro_interactions,anchor,targets_jan_may,test_01204
results/combined_sources/predictions.parquet,macro_interactions,anchor,all_available,test_01205
