source,experiment,window,nominal,n,target_months,coverage,coverage_ci_time_block_low,coverage_ci_time_block_high,nominal_within_descriptive_ci,p_value,status,confirmatory
results/uncertainty/predictions.parquet,bayesian_error_scale,public_origins_jun_sep,0.9,24192,6,0.9403108465608465,0.9342757936507936,0.9479786706349206,False,,coverage diagnostic; no reliable iid binomial significance; few time blocks,False
results/uncertainty/predictions.parquet,bayesian_error_scale,later_origins,0.9,6048,2,0.8604497354497355,,,,,coverage diagnostic; no reliable iid binomial significance; few time blocks,False
results/uncertainty/predictions.parquet,bayesian_predictive,public_origins_jun_sep,0.9,24192,6,0.9155919312169312,0.9077380952380952,0.9314236111111112,False,,coverage diagnostic; no reliable iid binomial significance; few time blocks,False
results/uncertainty/predictions.parquet,bayesian_predictive,later_origins,0.9,6048,2,0.8708664021164021,,,,,coverage diagnostic; no reliable iid binomial significance; few time blocks,False
results/uncertainty/predictions.parquet,disagreement_log,public_origins_jun_sep,0.9,24192,6,0.9148065476190477,0.9041005291005291,0.9270833333333334,False,,coverage diagnostic; no reliable iid binomial significance; few time blocks,False
results/uncertainty/predictions.parquet,disagreement_log,later_origins,0.9,6048,2,0.8933531746031746,,,,,coverage diagnostic; no reliable iid binomial significance; few time blocks,False
results/uncertainty/predictions.parquet,global_log,public_origins_jun_sep,0.9,24192,6,0.9155919312169312,0.9077380952380952,0.9314236111111112,False,,coverage diagnostic; no reliable iid binomial significance; few time blocks,False
results/uncertainty/predictions.parquet,global_log,later_origins,0.9,6048,2,0.8708664021164021,,,,,coverage diagnostic; no reliable iid binomial significance; few time blocks,False
results/new_model_calibration/interval_predictions.parquet,bolt_ridge_seasonal_ema/conditional_log/0.8,public_origins_jun_sep,0.8,24192,6,0.892526455026455,0.8676421957671958,0.9174107142857143,False,,coverage diagnostic; no reliable iid binomial significance; few time blocks,False
results/new_model_calibration/interval_predictions.parquet,bolt_ridge_seasonal_ema/conditional_log/0.8,later_origins,0.8,6048,2,0.7513227513227513,,,,,coverage diagnostic; no reliable iid binomial significance; few time blocks,False
results/new_model_calibration/interval_predictions.parquet,bolt_ridge_seasonal_ema/conditional_log/0.9,public_origins_jun_sep,0.9,24192,6,0.9482060185185185,0.9351025132275133,0.9613095238095238,False,,coverage diagnostic; no reliable iid binomial significance; few time blocks,False
results/new_model_calibration/interval_predictions.parquet,bolt_ridge_seasonal_ema/conditional_log/0.9,later_origins,0.9,6048,2,0.875,,,,,coverage diagnostic; no reliable iid binomial significance; few time blocks,False
results/new_model_calibration/interval_predictions.parquet,bolt_ridge_seasonal_ema/conditional_log/0.95,public_origins_jun_sep,0.95,24192,6,0.9756117724867724,0.9708994708994709,0.9803240740740741,False,,coverage diagnostic; no reliable iid binomial significance; few time blocks,False
results/new_model_calibration/interval_predictions.parquet,bolt_ridge_seasonal_ema/conditional_log/0.95,later_origins,0.95,6048,2,0.9333664021164021,,,,,coverage diagnostic; no reliable iid binomial significance; few time blocks,False
results/new_model_calibration/interval_predictions.parquet,bolt_ridge_seasonal_ema/global_log/0.8,public_origins_jun_sep,0.8,24192,6,0.849661044973545,0.8215112433862434,0.8778108465608465,False,,coverage diagnostic; no reliable iid binomial significance; few time blocks,False
results/new_model_calibration/interval_predictions.parquet,bolt_ridge_seasonal_ema/global_log/0.8,later_origins,0.8,6048,2,0.7671957671957672,,,,,coverage diagnostic; no reliable iid binomial significance; few time blocks,False
results/new_model_calibration/interval_predictions.parquet,bolt_ridge_seasonal_ema/global_log/0.9,public_origins_jun_sep,0.9,24192,6,0.9212136243386243,0.9026951058201058,0.9397321428571429,False,,coverage diagnostic; no reliable iid binomial significance; few time blocks,False
results/new_model_calibration/interval_predictions.parquet,bolt_ridge_seasonal_ema/global_log/0.9,later_origins,0.9,6048,2,0.8812830687830688,,,,,coverage diagnostic; no reliable iid binomial significance; few time blocks,False
results/new_model_calibration/interval_predictions.parquet,bolt_ridge_seasonal_ema/global_log/0.95,public_origins_jun_sep,0.95,24192,6,0.9583333333333334,0.9489087301587301,0.9677579365079365,True,,coverage diagnostic; no reliable iid binomial significance; few time blocks,False
results/new_model_calibration/interval_predictions.parquet,bolt_ridge_seasonal_ema/global_log/0.95,later_origins,0.95,6048,2,0.9391534391534392,,,,,coverage diagnostic; no reliable iid binomial significance; few time blocks,False
results/new_model_calibration/interval_predictions.parquet,bolt_ridge_seasonal_ema/global_rub/0.8,public_origins_jun_sep,0.8,24192,6,0.8507357804232805,0.8209325396825397,0.8805390211640212,False,,coverage diagnostic; no reliable iid binomial significance; few time blocks,False
results/new_model_calibration/interval_predictions.parquet,bolt_ridge_seasonal_ema/global_rub/0.8,later_origins,0.8,6048,2,0.6633597883597884,,,,,coverage diagnostic; no reliable iid binomial significance; few time blocks,False
results/new_model_calibration/interval_predictions.parquet,bolt_ridge_seasonal_ema/global_rub/0.9,public_origins_jun_sep,0.9,24192,6,0.9215029761904762,0.9036044973544973,0.939401455026455,False,,coverage diagnostic; no reliable iid binomial significance; few time blocks,False
results/new_model_calibration/interval_predictions.parquet,bolt_ridge_seasonal_ema/global_rub/0.9,later_origins,0.9,6048,2,0.8167989417989417,,,,,coverage diagnostic; no reliable iid binomial significance; few time blocks,False
results/new_model_calibration/interval_predictions.parquet,bolt_ridge_seasonal_ema/global_rub/0.95,public_origins_jun_sep,0.95,24192,6,0.9606894841269841,0.9499834656084656,0.9713955026455027,True,,coverage diagnostic; no reliable iid binomial significance; few time blocks,False
results/new_model_calibration/interval_predictions.parquet,bolt_ridge_seasonal_ema/global_rub/0.95,later_origins,0.95,6048,2,0.9016203703703703,,,,,coverage diagnostic; no reliable iid binomial significance; few time blocks,False
results/new_model_calibration/interval_predictions.parquet,bolt_ridge_seasonal_ema/size_group_log/0.8,public_origins_jun_sep,0.8,24192,6,0.8539186507936508,0.8274636243386243,0.8803736772486772,False,,coverage diagnostic; no reliable iid binomial significance; few time blocks,False
results/new_model_calibration/interval_predictions.parquet,bolt_ridge_seasonal_ema/size_group_log/0.8,later_origins,0.8,6048,2,0.7374338624338624,,,,,coverage diagnostic; no reliable iid binomial significance; few time blocks,False
results/new_model_calibration/interval_predictions.parquet,bolt_ridge_seasonal_ema/size_group_log/0.9,public_origins_jun_sep,0.9,24192,6,0.9223296957671958,0.9050099206349206,0.9396494708994709,False,,coverage diagnostic; no reliable iid binomial significance; few time blocks,False
results/new_model_calibration/interval_predictions.parquet,bolt_ridge_seasonal_ema/size_group_log/0.9,later_origins,0.9,6048,2,0.876984126984127,,,,,coverage diagnostic; no reliable iid binomial significance; few time blocks,False
results/new_model_calibration/interval_predictions.parquet,bolt_ridge_seasonal_ema/size_group_log/0.95,public_origins_jun_sep,0.95,24192,6,0.9591600529100529,0.9498181216931217,0.9685019841269841,True,,coverage diagnostic; no reliable iid binomial significance; few time blocks,False
results/new_model_calibration/interval_predictions.parquet,bolt_ridge_seasonal_ema/size_group_log/0.95,later_origins,0.95,6048,2,0.9370039682539683,,,,,coverage diagnostic; no reliable iid binomial significance; few time blocks,False
results/new_model_calibration/interval_predictions.parquet,bolt_ridge_seasonal_mean1/conditional_log/0.8,public_origins_jun_sep,0.8,24192,6,0.8991402116402116,0.8775628306878307,0.9207175925925926,False,,coverage diagnostic; no reliable iid binomial significance; few time blocks,False
results/new_model_calibration/interval_predictions.parquet,bolt_ridge_seasonal_mean1/conditional_log/0.8,later_origins,0.8,6048,2,0.7366071428571429,,,,,coverage diagnostic; no reliable iid binomial significance; few time blocks,False
results/new_model_calibration/interval_predictions.parquet,bolt_ridge_seasonal_mean1/conditional_log/0.9,public_origins_jun_sep,0.9,24192,6,0.951223544973545,0.9384093915343915,0.9640376984126984,False,,coverage diagnostic; no reliable iid binomial significance; few time blocks,False
results/new_model_calibration/interval_predictions.parquet,bolt_ridge_seasonal_mean1/conditional_log/0.9,later_origins,0.9,6048,2,0.8571428571428571,,,,,coverage diagnostic; no reliable iid binomial significance; few time blocks,False
results/new_model_calibration/interval_predictions.parquet,bolt_ridge_seasonal_mean1/conditional_log/0.95,public_origins_jun_sep,0.95,24192,6,0.9768931878306878,0.9699900793650794,0.9837962962962963,False,,coverage diagnostic; no reliable iid binomial significance; few time blocks,False
results/new_model_calibration/interval_predictions.parquet,bolt_ridge_seasonal_mean1/conditional_log/0.95,later_origins,0.95,6048,2,0.9221230158730159,,,,,coverage diagnostic; no reliable iid binomial significance; few time blocks,False
results/new_model_calibration/interval_predictions.parquet,bolt_ridge_seasonal_mean1/global_log/0.8,public_origins_jun_sep,0.8,24192,6,0.8462301587301587,0.8427579365079365,0.859312996031746,False,,coverage diagnostic; no reliable iid binomial significance; few time blocks,False
results/new_model_calibration/interval_predictions.parquet,bolt_ridge_seasonal_mean1/global_log/0.8,later_origins,0.8,6048,2,0.7490079365079365,,,,,coverage diagnostic; no reliable iid binomial significance; few time blocks,False
results/new_model_calibration/interval_predictions.parquet,bolt_ridge_seasonal_mean1/global_log/0.9,public_origins_jun_sep,0.9,24192,6,0.9178240740740741,0.9139384920634921,0.9276413690476191,False,,coverage diagnostic; no reliable iid binomial significance; few time blocks,False
results/new_model_calibration/interval_predictions.parquet,bolt_ridge_seasonal_mean1/global_log/0.9,later_origins,0.9,6048,2,0.873181216931217,,,,,coverage diagnostic; no reliable iid binomial significance; few time blocks,False
results/new_model_calibration/interval_predictions.parquet,bolt_ridge_seasonal_mean1/global_log/0.95,public_origins_jun_sep,0.95,24192,6,0.957051917989418,0.9534556878306878,0.9636036706349206,False,,coverage diagnostic; no reliable iid binomial significance; few time blocks,False
results/new_model_calibration/interval_predictions.parquet,bolt_ridge_seasonal_mean1/global_log/0.95,later_origins,0.95,6048,2,0.9332010582010583,,,,,coverage diagnostic; no reliable iid binomial significance; few time blocks,False
results/new_model_calibration/interval_predictions.parquet,bolt_ridge_seasonal_mean1/global_rub/0.8,public_origins_jun_sep,0.8,24192,6,0.8639632936507936,0.8598710317460317,0.8798983134920635,False,,coverage diagnostic; no reliable iid binomial significance; few time blocks,False
results/new_model_calibration/interval_predictions.parquet,bolt_ridge_seasonal_mean1/global_rub/0.8,later_origins,0.8,6048,2,0.6509589947089947,,,,,coverage diagnostic; no reliable iid binomial significance; few time blocks,False
results/new_model_calibration/interval_predictions.parquet,bolt_ridge_seasonal_mean1/global_rub/0.9,public_origins_jun_sep,0.9,24192,6,0.9339037698412699,0.9270833333333334,0.9417162698412699,False,,coverage diagnostic; no reliable iid binomial significance; few time blocks,False
results/new_model_calibration/interval_predictions.parquet,bolt_ridge_seasonal_mean1/global_rub/0.9,later_origins,0.9,6048,2,0.7979497354497355,,,,,coverage diagnostic; no reliable iid binomial significance; few time blocks,False
results/new_model_calibration/interval_predictions.parquet,bolt_ridge_seasonal_mean1/global_rub/0.95,public_origins_jun_sep,0.95,24192,6,0.9650710978835979,0.9607308201058201,0.9694113756613757,False,,coverage diagnostic; no reliable iid binomial significance; few time blocks,False
results/new_model_calibration/interval_predictions.parquet,bolt_ridge_seasonal_mean1/global_rub/0.95,later_origins,0.95,6048,2,0.8883928571428571,,,,,coverage diagnostic; no reliable iid binomial significance; few time blocks,False
results/new_model_calibration/interval_predictions.parquet,bolt_ridge_seasonal_mean1/size_group_log/0.8,public_origins_jun_sep,0.8,24192,6,0.8519758597883598,0.8480489417989417,0.8654513888888888,False,,coverage diagnostic; no reliable iid binomial significance; few time blocks,False
results/new_model_calibration/interval_predictions.parquet,bolt_ridge_seasonal_mean1/size_group_log/0.8,later_origins,0.8,6048,2,0.7157738095238095,,,,,coverage diagnostic; no reliable iid binomial significance; few time blocks,False
results/new_model_calibration/interval_predictions.parquet,bolt_ridge_seasonal_mean1/size_group_log/0.9,public_origins_jun_sep,0.9,24192,6,0.9214616402116402,0.9175347222222222,0.9303695436507936,False,,coverage diagnostic; no reliable iid binomial significance; few time blocks,False
results/new_model_calibration/interval_predictions.parquet,bolt_ridge_seasonal_mean1/size_group_log/0.9,later_origins,0.9,6048,2,0.8644179894179894,,,,,coverage diagnostic; no reliable iid binomial significance; few time blocks,False
results/new_model_calibration/interval_predictions.parquet,bolt_ridge_seasonal_mean1/size_group_log/0.95,public_origins_jun_sep,0.95,24192,6,0.9580026455026455,0.9546957671957672,0.9640376984126984,False,,coverage diagnostic; no reliable iid binomial significance; few time blocks,False
results/new_model_calibration/interval_predictions.parquet,bolt_ridge_seasonal_mean1/size_group_log/0.95,later_origins,0.95,6048,2,0.9272486772486772,,,,,coverage diagnostic; no reliable iid binomial significance; few time blocks,False
results/final_project/interval_predictions.parquet,structure_macro_prices_wages/adaptive_log/0.5,public_origins_jun_sep,0.5,24192,6,0.6138392857142857,0.5685350529100529,0.6591435185185185,False,,coverage diagnostic; no reliable iid binomial significance; few time blocks,False
results/final_project/interval_predictions.parquet,structure_macro_prices_wages/adaptive_log/0.5,later_origins,0.5,6048,2,0.40674603174603174,,,,,coverage diagnostic; no reliable iid binomial significance; few time blocks,False
results/final_project/interval_predictions.parquet,structure_macro_prices_wages/adaptive_log/0.8,public_origins_jun_sep,0.8,24192,6,0.8547867063492064,0.8276289682539683,0.8819444444444444,False,,coverage diagnostic; no reliable iid binomial significance; few time blocks,False
results/final_project/interval_predictions.parquet,structure_macro_prices_wages/adaptive_log/0.8,later_origins,0.8,6048,2,0.751984126984127,,,,,coverage diagnostic; no reliable iid binomial significance; few time blocks,False
results/final_project/interval_predictions.parquet,structure_macro_prices_wages/adaptive_log/0.9,public_origins_jun_sep,0.9,24192,6,0.9220816798941799,0.9048445767195767,0.939318783068783,False,,coverage diagnostic; no reliable iid binomial significance; few time blocks,False
results/final_project/interval_predictions.parquet,structure_macro_prices_wages/adaptive_log/0.9,later_origins,0.9,6048,2,0.8786375661375662,,,,,coverage diagnostic; no reliable iid binomial significance; few time blocks,False
results/final_project/interval_predictions.parquet,structure_macro_prices_wages/adaptive_log/0.95,public_origins_jun_sep,0.95,24192,6,0.958870701058201,0.9466765873015873,0.9710648148148148,True,,coverage diagnostic; no reliable iid binomial significance; few time blocks,False
results/final_project/interval_predictions.parquet,structure_macro_prices_wages/adaptive_log/0.95,later_origins,0.95,6048,2,0.937665343915344,,,,,coverage diagnostic; no reliable iid binomial significance; few time blocks,False
results/final_project/interval_predictions.parquet,structure_macro_prices_wages/global_log/0.5,public_origins_jun_sep,0.5,24192,6,0.6176008597883598,0.5205853174603174,0.7146164021164021,False,,coverage diagnostic; no reliable iid binomial significance; few time blocks,False
results/final_project/interval_predictions.parquet,structure_macro_prices_wages/global_log/0.5,later_origins,0.5,6048,2,0.4451058201058201,,,,,coverage diagnostic; no reliable iid binomial significance; few time blocks,False
results/final_project/interval_predictions.parquet,structure_macro_prices_wages/global_log/0.8,public_origins_jun_sep,0.8,24192,6,0.8636326058201058,0.8020833333333334,0.9251818783068783,False,,coverage diagnostic; no reliable iid binomial significance; few time blocks,False
results/final_project/interval_predictions.parquet,structure_macro_prices_wages/global_log/0.8,later_origins,0.8,6048,2,0.7848875661375662,,,,,coverage diagnostic; no reliable iid binomial significance; few time blocks,False
results/final_project/interval_predictions.parquet,structure_macro_prices_wages/global_log/0.9,public_origins_jun_sep,0.9,24192,6,0.9318783068783069,0.8948412698412699,0.968915343915344,True,,coverage diagnostic; no reliable iid binomial significance; few time blocks,False
results/final_project/interval_predictions.parquet,structure_macro_prices_wages/global_log/0.9,later_origins,0.9,6048,2,0.8948412698412699,,,,,coverage diagnostic; no reliable iid binomial significance; few time blocks,False
results/final_project/interval_predictions.parquet,structure_macro_prices_wages/global_log/0.95,public_origins_jun_sep,0.95,24192,6,0.964864417989418,0.9431216931216931,0.9866071428571429,True,,coverage diagnostic; no reliable iid binomial significance; few time blocks,False
results/final_project/interval_predictions.parquet,structure_macro_prices_wages/global_log/0.95,later_origins,0.95,6048,2,0.9479166666666666,,,,,coverage diagnostic; no reliable iid binomial significance; few time blocks,False
results/final_project/interval_predictions.parquet,structure_macro_prices_wages/horizon_log/0.5,public_origins_jun_sep,0.5,24192,6,0.6117311507936508,0.5658068783068783,0.6576554232804233,False,,coverage diagnostic; no reliable iid binomial significance; few time blocks,False
results/final_project/interval_predictions.parquet,structure_macro_prices_wages/horizon_log/0.5,later_origins,0.5,6048,2,0.41633597883597884,,,,,coverage diagnostic; no reliable iid binomial significance; few time blocks,False
results/final_project/interval_predictions.parquet,structure_macro_prices_wages/horizon_log/0.8,public_origins_jun_sep,0.8,24192,6,0.8518931878306878,0.8201058201058201,0.8836805555555556,False,,coverage diagnostic; no reliable iid binomial significance; few time blocks,False
results/final_project/interval_predictions.parquet,structure_macro_prices_wages/horizon_log/0.8,later_origins,0.8,6048,2,0.765542328042328,,,,,coverage diagnostic; no reliable iid binomial significance; few time blocks,False
results/final_project/interval_predictions.parquet,structure_macro_prices_wages/horizon_log/0.9,public_origins_jun_sep,0.9,24192,6,0.9221643518518519,0.9021164021164021,0.9422123015873016,False,,coverage diagnostic; no reliable iid binomial significance; few time blocks,False
results/final_project/interval_predictions.parquet,structure_macro_prices_wages/horizon_log/0.9,later_origins,0.9,6048,2,0.8844246031746031,,,,,coverage diagnostic; no reliable iid binomial significance; few time blocks,False
results/final_project/interval_predictions.parquet,structure_macro_prices_wages/horizon_log/0.95,public_origins_jun_sep,0.95,24192,6,0.9593667328042328,0.9484953703703703,0.9702380952380952,True,,coverage diagnostic; no reliable iid binomial significance; few time blocks,False
results/final_project/interval_predictions.parquet,structure_macro_prices_wages/horizon_log/0.95,later_origins,0.95,6048,2,0.9403108465608465,,,,,coverage diagnostic; no reliable iid binomial significance; few time blocks,False
