scenario,metric,candidate,reference,panels,delta,ci_low,ci_high,p_sign_flip,scope,p_holm
control,false_alarm_rate,conformal_bh,cusum,20,0.0004811507936507,-0.0032565724206349,0.0041865079365079,0.8033,independent resampled panels conditional on fixed real background; simulation only,1.0
control,false_alarm_rate,conformal_bh,page_hinkley,20,0.0013070436507936,-0.0026165674603174,0.0052654389880952,0.5312,independent resampled panels conditional on fixed real background; simulation only,1.0
control,false_alarm_rate,conformal_bh,ewma,20,0.0014831349206349,-0.0024853050595238,0.0053274429563492,0.4724,independent resampled panels conditional on fixed real background; simulation only,1.0
control,false_alarm_rate,conformal_bh,conformal_bh_q005,20,0.0293030753968254,0.0253124379960317,0.0332490699404761,0.0001,independent resampled panels conditional on fixed real background; simulation only,0.0044
drift,false_alarm_rate,conformal_bh,cusum,20,0.0147872618115374,0.0119158835813103,0.0175255155311929,0.0001,independent resampled panels conditional on fixed real background; simulation only,0.0044
drift,false_alarm_rate,conformal_bh,page_hinkley,20,0.0167997911772383,0.0136569433568258,0.0197808013573479,0.0001,independent resampled panels conditional on fixed real background; simulation only,0.0044
drift,false_alarm_rate,conformal_bh,ewma,20,0.0147298355520751,0.0116417384494909,0.0175254502740798,0.0001,independent resampled panels conditional on fixed real background; simulation only,0.0044
drift,false_alarm_rate,conformal_bh,conformal_bh_q005,20,0.0430174889062907,0.0397885669537979,0.0460872487601148,0.0001,independent resampled panels conditional on fixed real background; simulation only,0.0044
drift,recall,conformal_bh,cusum,20,-0.1736318407960199,-0.2012437810945273,-0.1437810945273632,0.0001,independent resampled panels conditional on fixed real background; simulation only,0.0044
drift,recall,conformal_bh,page_hinkley,20,-0.2587064676616915,-0.2962686567164179,-0.2191480099502488,0.0001,independent resampled panels conditional on fixed real background; simulation only,0.0044
drift,recall,conformal_bh,ewma,20,-0.1119402985074626,-0.1385572139303482,-0.0820895522388059,0.0001,independent resampled panels conditional on fixed real background; simulation only,0.0044
drift,recall,conformal_bh,conformal_bh_q005,20,-0.1032338308457711,-0.142294776119403,-0.0641791044776119,0.0003,independent resampled panels conditional on fixed real background; simulation only,0.0048
drift,capped_delay,conformal_bh,cusum,20,0.6069651741293532,0.5547263681592038,0.6582089552238808,0.0001,independent resampled panels conditional on fixed real background; simulation only,0.0044
drift,capped_delay,conformal_bh,page_hinkley,20,0.6507462686567163,0.5711442786069652,0.7296019900497512,0.0001,independent resampled panels conditional on fixed real background; simulation only,0.0044
drift,capped_delay,conformal_bh,ewma,20,0.7293532338308458,0.6766169154228855,0.7796019900497513,0.0001,independent resampled panels conditional on fixed real background; simulation only,0.0044
drift,capped_delay,conformal_bh,conformal_bh_q005,20,-0.5611940298507463,-0.6345771144278607,-0.4910385572139303,0.0001,independent resampled panels conditional on fixed real background; simulation only,0.0044
national,false_alarm_rate,conformal_bh,cusum,20,-0.0006125992063492,-0.0049579613095238,0.0034126984126984,0.7862,independent resampled panels conditional on fixed real background; simulation only,1.0
national,false_alarm_rate,conformal_bh,page_hinkley,20,0.0007539682539682,-0.0034474826388888,0.0047644469246031,0.7402,independent resampled panels conditional on fixed real background; simulation only,1.0
national,false_alarm_rate,conformal_bh,ewma,20,0.0004935515873015,-0.0042387152777777,0.004813988095238,0.8354,independent resampled panels conditional on fixed real background; simulation only,1.0
national,false_alarm_rate,conformal_bh,conformal_bh_q005,20,0.0284945436507936,0.0236556919642857,0.0329688740079365,0.0001,independent resampled panels conditional on fixed real background; simulation only,0.0044
step,false_alarm_rate,conformal_bh,cusum,20,0.0142678151918559,0.0119237144348734,0.0167815191855912,0.0001,independent resampled panels conditional on fixed real background; simulation only,0.0044
step,false_alarm_rate,conformal_bh,page_hinkley,20,0.0165544244322631,0.014092860871835,0.0192822370138345,0.0001,independent resampled panels conditional on fixed real background; simulation only,0.0044
step,false_alarm_rate,conformal_bh,ewma,20,0.0143148003132341,0.0118794048551292,0.0169982380579483,0.0001,independent resampled panels conditional on fixed real background; simulation only,0.0044
step,false_alarm_rate,conformal_bh,conformal_bh_q005,20,0.0424902114330461,0.0399242364917776,0.0452858914121639,0.0001,independent resampled panels conditional on fixed real background; simulation only,0.0044
step,recall,conformal_bh,cusum,20,-0.1629353233830845,-0.1870646766169154,-0.1393034825870646,0.0001,independent resampled panels conditional on fixed real background; simulation only,0.0044
step,recall,conformal_bh,page_hinkley,20,-0.2485074626865671,-0.2756218905472637,-0.2231343283582089,0.0001,independent resampled panels conditional on fixed real background; simulation only,0.0044
step,recall,conformal_bh,ewma,20,-0.0935323383084577,-0.1189054726368159,-0.0691542288557213,0.0001,independent resampled panels conditional on fixed real background; simulation only,0.0044
step,recall,conformal_bh,conformal_bh_q005,20,-0.0619402985074626,-0.0947823383084577,-0.0298507462686567,0.0018,independent resampled panels conditional on fixed real background; simulation only,0.0216
step,capped_delay,conformal_bh,cusum,20,0.2965174129353234,0.1987499999999999,0.3977674129353233,0.0001,independent resampled panels conditional on fixed real background; simulation only,0.0044
step,capped_delay,conformal_bh,page_hinkley,20,0.1741293532338308,0.0723880597014925,0.2845771144278607,0.0033,independent resampled panels conditional on fixed real background; simulation only,0.033
step,capped_delay,conformal_bh,ewma,20,0.2686567164179104,0.1701430348258706,0.3713992537313433,0.0001,independent resampled panels conditional on fixed real background; simulation only,0.0044
step,capped_delay,conformal_bh,conformal_bh_q005,20,-1.4828358208955223,-1.5875621890547262,-1.3701430348258703,0.0001,independent resampled panels conditional on fixed real background; simulation only,0.0044
temporary,false_alarm_rate,conformal_bh,cusum,20,-0.0073843506427776,-0.0113854514626986,-0.0034010274319263,0.003,independent resampled panels conditional on fixed real background; simulation only,0.033
temporary,false_alarm_rate,conformal_bh,page_hinkley,20,-0.0033328272092317,-0.0074704550055673,0.0008300435266727,0.1399,independent resampled panels conditional on fixed real background; simulation only,0.9793
temporary,false_alarm_rate,conformal_bh,ewma,20,-0.0035858892600465,-0.0076780291527482,0.0006301877720417,0.113,independent resampled panels conditional on fixed real background; simulation only,0.904
temporary,false_alarm_rate,conformal_bh,conformal_bh_q005,20,0.0304560178155683,0.0262374734284846,0.0346924663427472,0.0001,independent resampled panels conditional on fixed real background; simulation only,0.0044
temporary,recall,conformal_bh,cusum,20,-0.1646766169154228,-0.2087064676616915,-0.1201430348258707,0.0001,independent resampled panels conditional on fixed real background; simulation only,0.0044
temporary,recall,conformal_bh,page_hinkley,20,-0.2398009950248756,-0.2853233830845771,-0.1940298507462687,0.0001,independent resampled panels conditional on fixed real background; simulation only,0.0044
temporary,recall,conformal_bh,ewma,20,-0.0912935323383084,-0.1333333333333333,-0.0470149253731343,0.0009,independent resampled panels conditional on fixed real background; simulation only,0.0126
temporary,recall,conformal_bh,conformal_bh_q005,20,-0.1490049751243781,-0.195273631840796,-0.1014925373134328,0.0001,independent resampled panels conditional on fixed real background; simulation only,0.0044
temporary,capped_delay,conformal_bh,cusum,20,0.5743781094527363,0.3925248756218905,0.7569651741293532,0.0001,independent resampled panels conditional on fixed real background; simulation only,0.0044
temporary,capped_delay,conformal_bh,page_hinkley,20,0.5256218905472637,0.3470087064676617,0.7019962686567165,0.0003,independent resampled panels conditional on fixed real background; simulation only,0.0048
temporary,capped_delay,conformal_bh,ewma,20,0.3445273631840796,0.1691417910447761,0.519160447761194,0.0011,independent resampled panels conditional on fixed real background; simulation only,0.0143
temporary,capped_delay,conformal_bh,conformal_bh_q005,20,0.3144278606965174,0.1198880597014925,0.509707711442786,0.0083,independent resampled panels conditional on fixed real background; simulation only,0.0747
