scenario,method,metric,panels,value,ci_low,ci_high,scope
control,conformal_bh,false_alarm_rate,20,0.029466765873015825,0.02549603174603171,0.03331615823412693,independent resampled panels conditional on fixed real history; not real-event accuracy
control,conformal_bh,realized_false_discovery_fraction,20,1.0,1.0,1.0,independent resampled panels conditional on fixed real history; not real-event accuracy
control,conformal_bh_q005,false_alarm_rate,20,0.00016369047619044485,0.00011408730158727973,0.00021825396825392123,independent resampled panels conditional on fixed real history; not real-event accuracy
control,conformal_bh_q005,realized_false_discovery_fraction,20,0.85,0.7,1.0,independent resampled panels conditional on fixed real history; not real-event accuracy
control,cusum,false_alarm_rate,20,0.028985615079365045,0.028338231646825356,0.02966765873015868,independent resampled panels conditional on fixed real history; not real-event accuracy
control,cusum,realized_false_discovery_fraction,20,1.0,1.0,1.0,independent resampled panels conditional on fixed real history; not real-event accuracy
control,ewma,false_alarm_rate,20,0.027983630952380906,0.027648809523809482,0.028311011904761856,independent resampled panels conditional on fixed real history; not real-event accuracy
control,ewma,realized_false_discovery_fraction,20,1.0,1.0,1.0,independent resampled panels conditional on fixed real history; not real-event accuracy
control,page_hinkley,false_alarm_rate,20,0.028159722222222162,0.02767857142857137,0.028628472222222163,independent resampled panels conditional on fixed real history; not real-event accuracy
control,page_hinkley,realized_false_discovery_fraction,20,1.0,1.0,1.0,independent resampled panels conditional on fixed real history; not real-event accuracy
drift,conformal_bh,false_alarm_rate,20,0.04340381101540063,0.04005997128687023,0.04643435134429648,independent resampled panels conditional on fixed real history; not real-event accuracy
drift,conformal_bh,recall,20,0.6967661691542288,0.658955223880597,0.7340796019900496,independent resampled panels conditional on fixed real history; not real-event accuracy
drift,conformal_bh,capped_delay,20,2.638805970149254,2.567910447761194,2.7072139303482587,independent resampled panels conditional on fixed real history; not real-event accuracy
drift,conformal_bh,realized_false_discovery_fraction,20,0.8014544390443173,0.7880909296639279,0.8134991559338827,independent resampled panels conditional on fixed real history; not real-event accuracy
drift,conformal_bh_q005,false_alarm_rate,20,0.00038632210910985004,0.00030801357347947506,0.00046985121378226,independent resampled panels conditional on fixed real history; not real-event accuracy
drift,conformal_bh_q005,recall,20,0.8,0.7875621890547263,0.8119402985074627,independent resampled panels conditional on fixed real history; not real-event accuracy
drift,conformal_bh_q005,capped_delay,20,3.2,3.187810945273632,3.2126865671641793,independent resampled panels conditional on fixed real history; not real-event accuracy
drift,conformal_bh_q005,realized_false_discovery_fraction,20,0.036273943778573285,0.029363686893887526,0.04371417656454742,independent resampled panels conditional on fixed real history; not real-event accuracy
drift,cusum,false_alarm_rate,20,0.028616549203863178,0.027875228399895553,0.029321391281649664,independent resampled panels conditional on fixed real history; not real-event accuracy
drift,cusum,recall,20,0.8703980099502487,0.8577114427860696,0.8825870646766167,independent resampled panels conditional on fixed real history; not real-event accuracy
drift,cusum,capped_delay,20,2.031840796019901,2.000491293532338,2.0636815920398006,independent resampled panels conditional on fixed real history; not real-event accuracy
drift,cusum,realized_false_discovery_fraction,20,0.6734554816789854,0.6677439186931203,0.6791303924416674,independent resampled panels conditional on fixed real history; not real-event accuracy
drift,ewma,false_alarm_rate,20,0.028673975463325452,0.02814663273296783,0.029169929522317877,independent resampled panels conditional on fixed real history; not real-event accuracy
drift,ewma,recall,20,0.8087064676616913,0.7940298507462686,0.823134328358209,independent resampled panels conditional on fixed real history; not real-event accuracy
drift,ewma,capped_delay,20,1.9094527363184077,1.8621890547263686,1.9577114427860696,independent resampled panels conditional on fixed real history; not real-event accuracy
drift,ewma,realized_false_discovery_fraction,20,0.6374380982404063,0.6333421352336528,0.6417462830616016,independent resampled panels conditional on fixed real history; not real-event accuracy
drift,page_hinkley,false_alarm_rate,20,0.026604019838162313,0.025964500130514167,0.027280083529104625,independent resampled panels conditional on fixed real history; not real-event accuracy
drift,page_hinkley,recall,20,0.9554726368159203,0.9499999999999998,0.9609452736318407,independent resampled panels conditional on fixed real history; not real-event accuracy
drift,page_hinkley,capped_delay,20,1.9880597014925374,1.9649253731343286,2.011691542288557,independent resampled panels conditional on fixed real history; not real-event accuracy
drift,page_hinkley,realized_false_discovery_fraction,20,0.6715828045860981,0.6655070667085804,0.6775453792561024,independent resampled panels conditional on fixed real history; not real-event accuracy
national,conformal_bh,false_alarm_rate,20,0.028635912698412654,0.024007874503968213,0.03299131944444438,independent resampled panels conditional on fixed real history; not real-event accuracy
national,conformal_bh,realized_false_discovery_fraction,20,1.0,1.0,1.0,independent resampled panels conditional on fixed real history; not real-event accuracy
national,conformal_bh_q005,false_alarm_rate,20,0.0001413690476190123,9.672619047616724e-05,0.00018849206349200986,independent resampled panels conditional on fixed real history; not real-event accuracy
national,conformal_bh_q005,realized_false_discovery_fraction,20,0.8,0.6,0.95,independent resampled panels conditional on fixed real history; not real-event accuracy
national,cusum,false_alarm_rate,20,0.02924851190476186,0.02849448164682535,0.02994791666666662,independent resampled panels conditional on fixed real history; not real-event accuracy
national,cusum,realized_false_discovery_fraction,20,1.0,1.0,1.0,independent resampled panels conditional on fixed real history; not real-event accuracy
national,ewma,false_alarm_rate,20,0.028142361111111052,0.02767361111111105,0.028606150793650736,independent resampled panels conditional on fixed real history; not real-event accuracy
national,ewma,realized_false_discovery_fraction,20,1.0,1.0,1.0,independent resampled panels conditional on fixed real history; not real-event accuracy
national,page_hinkley,false_alarm_rate,20,0.02788194444444439,0.02724702380952377,0.02848958333333328,independent resampled panels conditional on fixed real history; not real-event accuracy
national,page_hinkley,realized_false_discovery_fraction,20,1.0,1.0,1.0,independent resampled panels conditional on fixed real history; not real-event accuracy
step,conformal_bh,false_alarm_rate,20,0.04293395980161835,0.04036021926389973,0.04570875750456797,independent resampled panels conditional on fixed real history; not real-event accuracy
step,conformal_bh,recall,20,0.7131840796019899,0.6863184079601992,0.7378109452736318,independent resampled panels conditional on fixed real history; not real-event accuracy
step,conformal_bh,capped_delay,20,1.1833333333333331,1.085572139303483,1.2880597014925375,independent resampled panels conditional on fixed real history; not real-event accuracy
step,conformal_bh,realized_false_discovery_fraction,20,0.6702001112469594,0.6569553160003573,0.683602238614205,independent resampled panels conditional on fixed real history; not real-event accuracy
step,conformal_bh_q005,false_alarm_rate,20,0.00044374836857212507,0.00037327068650477,0.0005168363351604749,independent resampled panels conditional on fixed real history; not real-event accuracy
step,conformal_bh_q005,recall,20,0.7751243781094528,0.7562189054726368,0.7947761194029851,independent resampled panels conditional on fixed real history; not real-event accuracy
step,conformal_bh_q005,capped_delay,20,2.666169154228856,2.6258706467661694,2.7027363184079602,independent resampled panels conditional on fixed real history; not real-event accuracy
step,conformal_bh_q005,realized_false_discovery_fraction,20,0.0457991385562081,0.03896544121780376,0.05249063099284041,independent resampled panels conditional on fixed real history; not real-event accuracy
step,cusum,false_alarm_rate,20,0.02866614460976242,0.028086661446097578,0.029185591229443957,independent resampled panels conditional on fixed real history; not real-event accuracy
step,cusum,recall,20,0.8761194029850747,0.8661691542288559,0.8860696517412935,independent resampled panels conditional on fixed real history; not real-event accuracy
step,cusum,capped_delay,20,0.8868159203980099,0.8452674129353234,0.9298507462686567,independent resampled panels conditional on fixed real history; not real-event accuracy
step,cusum,realized_false_discovery_fraction,20,0.5809932292431403,0.5760033633843769,0.5856046507300335,independent resampled panels conditional on fixed real history; not real-event accuracy
step,ewma,false_alarm_rate,20,0.028619159488384182,0.028305860088749607,0.028893239363090528,independent resampled panels conditional on fixed real history; not real-event accuracy
step,ewma,recall,20,0.8067164179104479,0.7932835820895524,0.8194029850746268,independent resampled panels conditional on fixed real history; not real-event accuracy
step,ewma,capped_delay,20,0.9146766169154228,0.864676616915423,0.9669154228855721,independent resampled panels conditional on fixed real history; not real-event accuracy
step,ewma,realized_false_discovery_fraction,20,0.5795373224906496,0.5766031774884792,0.5818507474696972,independent resampled panels conditional on fixed real history; not real-event accuracy
step,page_hinkley,false_alarm_rate,20,0.026379535369355202,0.02585486818063163,0.02687809971286864,independent resampled panels conditional on fixed real history; not real-event accuracy
step,page_hinkley,recall,20,0.961691542288557,0.9549751243781094,0.967910447761194,independent resampled panels conditional on fixed real history; not real-event accuracy
step,page_hinkley,capped_delay,20,1.0092039800995025,0.9885572139303482,1.0328358208955224,independent resampled panels conditional on fixed real history; not real-event accuracy
step,page_hinkley,realized_false_discovery_fraction,20,0.5728385547565413,0.5677249892460355,0.5775028057139566,independent resampled panels conditional on fixed real history; not real-event accuracy
temporary,conformal_bh,false_alarm_rate,20,0.030592671323008358,0.026444984310152804,0.03472776849883588,independent resampled panels conditional on fixed real history; not real-event accuracy
temporary,conformal_bh,recall,20,0.7047263681592039,0.6601927860696517,0.7485136815920397,independent resampled panels conditional on fixed real history; not real-event accuracy
temporary,conformal_bh,capped_delay,20,1.1865671641791045,1.0077052238805968,1.3696517412935323,independent resampled panels conditional on fixed real history; not real-event accuracy
temporary,conformal_bh,realized_false_discovery_fraction,20,0.7354271208491798,0.7060899481751658,0.7636729620827795,independent resampled panels conditional on fixed real history; not real-event accuracy
temporary,conformal_bh_q005,false_alarm_rate,20,0.00013665350743999877,9.110233829333236e-05,0.00018979653811111163,independent resampled panels conditional on fixed real history; not real-event accuracy
temporary,conformal_bh_q005,recall,20,0.8537313432835821,0.8415422885572139,0.8654228855721394,independent resampled panels conditional on fixed real history; not real-event accuracy
temporary,conformal_bh_q005,capped_delay,20,0.8721393034825871,0.8136815920398011,0.9291044776119403,independent resampled panels conditional on fixed real history; not real-event accuracy
temporary,conformal_bh_q005,realized_false_discovery_fraction,20,0.015201678404966782,0.010271157363416524,0.02084227462505113,independent resampled panels conditional on fixed real history; not real-event accuracy
temporary,cusum,false_alarm_rate,20,0.03797702196578597,0.03749107956270874,0.038455309241826045,independent resampled panels conditional on fixed real history; not real-event accuracy
temporary,cusum,recall,20,0.8694029850746269,0.8609452736318408,0.8781094527363186,independent resampled panels conditional on fixed real history; not real-event accuracy
temporary,cusum,capped_delay,20,0.6121890547263682,0.5781094527363184,0.6460199004975123,independent resampled panels conditional on fixed real history; not real-event accuracy
temporary,cusum,realized_false_discovery_fraction,20,0.7926138257086451,0.7904771332779064,0.794792725324344,independent resampled panels conditional on fixed real history; not real-event accuracy
temporary,ewma,false_alarm_rate,20,0.03417856058305493,0.03374076323514521,0.03460376809393661,independent resampled panels conditional on fixed real history; not real-event accuracy
temporary,ewma,recall,20,0.7960199004975125,0.7870646766169154,0.8049751243781096,independent resampled panels conditional on fixed real history; not real-event accuracy
temporary,ewma,capped_delay,20,0.8420398009950247,0.8057213930348259,0.8788557213930348,independent resampled panels conditional on fixed real history; not real-event accuracy
temporary,ewma,realized_false_discovery_fraction,20,0.7734668739612272,0.7709275028272711,0.7759092041506899,independent resampled panels conditional on fixed real history; not real-event accuracy
temporary,page_hinkley,false_alarm_rate,20,0.03392549853224004,0.03350035428687107,0.03436076525964159,independent resampled panels conditional on fixed real history; not real-event accuracy
temporary,page_hinkley,recall,20,0.9445273631840795,0.9393034825870646,0.9497512437810943,independent resampled panels conditional on fixed real history; not real-event accuracy
temporary,page_hinkley,capped_delay,20,0.6609452736318409,0.6425373134328358,0.6801057213930349,independent resampled panels conditional on fixed real history; not real-event accuracy
temporary,page_hinkley,realized_false_discovery_fraction,20,0.7755709441087412,0.7733115749774176,0.7776796742585775,independent resampled panels conditional on fixed real history; not real-event accuracy
