source,point_model,method,reference,nominal,window,n,target_months,time_blocks,mean_interval_score,reference_interval_score,delta_interval_score,ci_time_cluster_t_low,ci_time_cluster_t_high,descriptive_bootstrap_low,descriptive_bootstrap_high,p_time_block,p_month_sensitivity,confirmatory,status,p_time_block_holm_point_and_interval,p_month_sensitivity_holm_point_and_interval
results/uncertainty/predictions.parquet,public_ens3_mean,bayesian_error_scale,global_log,0.9,public_origins_jun_sep,24192,6,2,5556.625258526316,5323.130198766491,233.4950597598262,-5205.550199944815,5672.540319464468,-194.5670856666079,661.5572051862603,1.0,0.84375,False,exploratory; same nominal interval level; few time blocks,1.0,1.0
results/uncertainty/predictions.parquet,public_ens3_mean,bayesian_error_scale,global_log,0.9,later_origins,6048,2,1,5221.09506096424,5518.061054432527,-296.9659934682875,,,,,,0.5,False,exploratory; same nominal interval level; few time blocks,,1.0
results/uncertainty/predictions.parquet,public_ens3_mean,bayesian_predictive,global_log,0.9,public_origins_jun_sep,24192,6,2,5322.7170727796,5323.130198766491,-0.413125986891212,-2.9056633004611734,2.0794113266787497,-0.6092929277892434,-0.2153587857539921,0.5,0.09375,False,exploratory; same nominal interval level; few time blocks,1.0,1.0
results/uncertainty/predictions.parquet,public_ens3_mean,bayesian_predictive,global_log,0.9,later_origins,6048,2,1,5517.756254030782,5518.061054432527,-0.30480040174552836,,,,,,0.5,False,exploratory; same nominal interval level; few time blocks,,1.0
results/uncertainty/predictions.parquet,public_ens3_mean,disagreement_log,global_log,0.9,public_origins_jun_sep,24192,6,2,8301.624628551497,5323.130198766491,2978.4944297850047,-277.9032946420216,6234.8921542120315,2722.210370777986,3732.202095043461,0.5,0.03125,False,exploratory; same nominal interval level; few time blocks,1.0,1.0
results/uncertainty/predictions.parquet,public_ens3_mean,disagreement_log,global_log,0.9,later_origins,6048,2,1,7204.545310726094,5518.061054432527,1686.4842562935664,,,,,,0.5,False,exploratory; same nominal interval level; few time blocks,,1.0
results/new_model_calibration/interval_predictions.parquet,bolt_ridge_seasonal_ema,conditional_log,global_log,0.8,public_origins_jun_sep,24192,6,2,4746.381759595312,4158.866317799249,587.5154417960622,-8341.59371747667,9516.624601068794,-115.22068944780013,1290.2515730399248,1.0,0.53125,False,exploratory; same nominal interval level; few time blocks,1.0,1.0
results/new_model_calibration/interval_predictions.parquet,bolt_ridge_seasonal_ema,conditional_log,global_log,0.8,later_origins,6048,2,1,3930.4387090514488,4129.518808350332,-199.08009929888263,,,,,,0.5,False,exploratory; same nominal interval level; few time blocks,,1.0
results/new_model_calibration/interval_predictions.parquet,bolt_ridge_seasonal_ema,global_rub,global_log,0.8,public_origins_jun_sep,24192,6,2,3859.334270204123,4158.866317799249,-299.5320475951266,-926.2579874461892,327.1938922559361,-349.90562761450553,-250.20764641858398,0.5,0.03125,False,exploratory; same nominal interval level; few time blocks,1.0,1.0
results/new_model_calibration/interval_predictions.parquet,bolt_ridge_seasonal_ema,global_rub,global_log,0.8,later_origins,6048,2,1,4137.758419786202,4129.518808350332,8.239611435870978,,,,,,1.0,False,exploratory; same nominal interval level; few time blocks,,1.0
results/new_model_calibration/interval_predictions.parquet,bolt_ridge_seasonal_ema,size_group_log,global_log,0.8,public_origins_jun_sep,24192,6,2,3918.0593424484064,4158.866317799249,-240.8069753508439,-819.6954467253005,338.08149602361266,-286.36648610818503,-195.2474645935028,0.5,0.03125,False,exploratory; same nominal interval level; few time blocks,1.0,1.0
results/new_model_calibration/interval_predictions.parquet,bolt_ridge_seasonal_ema,size_group_log,global_log,0.8,later_origins,6048,2,1,3994.0940058699025,4129.518808350332,-135.42480248042847,,,,,,0.5,False,exploratory; same nominal interval level; few time blocks,,1.0
results/new_model_calibration/interval_predictions.parquet,bolt_ridge_seasonal_ema,conditional_log,global_log,0.9,public_origins_jun_sep,24192,6,2,6003.607712735011,5231.771726669286,771.835986065723,-10904.187115679462,12447.85908781091,-147.08696094668406,1690.75893307813,1.0,0.46875,False,exploratory; same nominal interval level; few time blocks,1.0,1.0
results/new_model_calibration/interval_predictions.parquet,bolt_ridge_seasonal_ema,conditional_log,global_log,0.9,later_origins,6048,2,1,4904.650711999216,5217.635438928473,-312.98472692925793,,,,,,0.5,False,exploratory; same nominal interval level; few time blocks,,1.0
results/new_model_calibration/interval_predictions.parquet,bolt_ridge_seasonal_ema,global_rub,global_log,0.9,public_origins_jun_sep,24192,6,2,4925.958280087042,5231.771726669286,-305.813446582244,-1053.1066728557514,441.47977969126333,-387.6651224830443,-247.00019417723462,0.5,0.03125,False,exploratory; same nominal interval level; few time blocks,1.0,1.0
results/new_model_calibration/interval_predictions.parquet,bolt_ridge_seasonal_ema,global_rub,global_log,0.9,later_origins,6048,2,1,5183.899277044617,5217.635438928473,-33.73616188385647,,,,,,1.0,False,exploratory; same nominal interval level; few time blocks,,1.0
results/new_model_calibration/interval_predictions.parquet,bolt_ridge_seasonal_ema,size_group_log,global_log,0.9,public_origins_jun_sep,24192,6,2,4990.678255005123,5231.771726669286,-241.09347166416367,-637.0002755652489,154.81333223692158,-289.34022463237824,-209.93493045429994,0.5,0.03125,False,exploratory; same nominal interval level; few time blocks,1.0,1.0
results/new_model_calibration/interval_predictions.parquet,bolt_ridge_seasonal_ema,size_group_log,global_log,0.9,later_origins,6048,2,1,4961.690521995457,5217.635438928473,-255.94491693301566,,,,,,0.5,False,exploratory; same nominal interval level; few time blocks,,1.0
results/new_model_calibration/interval_predictions.parquet,bolt_ridge_seasonal_ema,conditional_log,global_log,0.95,public_origins_jun_sep,24192,6,2,7392.764827202255,6296.02940283495,1096.735424367307,-12936.414591592444,15129.885440327058,-7.697433992274753,2201.1682827268883,1.0,0.15625,False,exploratory; same nominal interval level; few time blocks,1.0,1.0
results/new_model_calibration/interval_predictions.parquet,bolt_ridge_seasonal_ema,conditional_log,global_log,0.95,later_origins,6048,2,1,5927.953054330686,6315.09549945572,-387.14244512503285,,,,,,0.5,False,exploratory; same nominal interval level; few time blocks,,1.0
results/new_model_calibration/interval_predictions.parquet,bolt_ridge_seasonal_ema,global_rub,global_log,0.95,public_origins_jun_sep,24192,6,2,6192.425118378477,6296.02940283495,-103.60428445647194,-591.547147857933,384.3385789449892,-209.75100560075234,-65.20234827466315,0.5,0.25,False,exploratory; same nominal interval level; few time blocks,1.0,1.0
results/new_model_calibration/interval_predictions.parquet,bolt_ridge_seasonal_ema,global_rub,global_log,0.95,later_origins,6048,2,1,6371.330909345636,6315.09549945572,56.23540988991682,,,,,,1.0,False,exploratory; same nominal interval level; few time blocks,,1.0
results/new_model_calibration/interval_predictions.parquet,bolt_ridge_seasonal_ema,size_group_log,global_log,0.95,public_origins_jun_sep,24192,6,2,6122.489846226308,6296.02940283495,-173.53955660863937,-289.2492502721759,-57.829862945102846,-209.45445451073132,-162.3174461794994,0.5,0.03125,False,exploratory; same nominal interval level; few time blocks,1.0,1.0
results/new_model_calibration/interval_predictions.parquet,bolt_ridge_seasonal_ema,size_group_log,global_log,0.95,later_origins,6048,2,1,6044.99431239766,6315.09549945572,-270.1011870580588,,,,,,0.5,False,exploratory; same nominal interval level; few time blocks,,1.0
results/new_model_calibration/interval_predictions.parquet,bolt_ridge_seasonal_mean1,conditional_log,global_log,0.8,public_origins_jun_sep,24192,6,2,4707.9364436877195,4046.03696879704,661.8994748906797,-7769.393373893919,9093.192323675277,-1.6576630334261633,1325.4566128147853,1.0,0.15625,False,exploratory; same nominal interval level; few time blocks,1.0,1.0
results/new_model_calibration/interval_predictions.parquet,bolt_ridge_seasonal_mean1,conditional_log,global_log,0.8,later_origins,6048,2,1,4215.067841444064,4346.807358706472,-131.73951726240904,,,,,,0.5,False,exploratory; same nominal interval level; few time blocks,,1.0
results/new_model_calibration/interval_predictions.parquet,bolt_ridge_seasonal_mean1,global_rub,global_log,0.8,public_origins_jun_sep,24192,6,2,3844.689279015138,4046.03696879704,-201.347689781902,-359.57930676987286,-43.11607279393115,-223.05259161792196,-188.89459145158168,0.5,0.03125,False,exploratory; same nominal interval level; few time blocks,1.0,1.0
results/new_model_calibration/interval_predictions.parquet,bolt_ridge_seasonal_mean1,global_rub,global_log,0.8,later_origins,6048,2,1,4459.995363590482,4346.807358706472,113.1880048840107,,,,,,1.0,False,exploratory; same nominal interval level; few time blocks,,1.0
results/new_model_calibration/interval_predictions.parquet,bolt_ridge_seasonal_mean1,size_group_log,global_log,0.8,public_origins_jun_sep,24192,6,2,3881.720212241812,4046.03696879704,-164.3167565552273,-379.1071602807639,50.47364717030925,-205.17132949515766,-147.41238517282113,0.5,0.03125,False,exploratory; same nominal interval level; few time blocks,1.0,1.0
results/new_model_calibration/interval_predictions.parquet,bolt_ridge_seasonal_mean1,size_group_log,global_log,0.8,later_origins,6048,2,1,4260.926190027867,4346.807358706472,-85.88116867860438,,,,,,0.5,False,exploratory; same nominal interval level; few time blocks,,1.0
results/new_model_calibration/interval_predictions.parquet,bolt_ridge_seasonal_mean1,conditional_log,global_log,0.9,public_origins_jun_sep,24192,6,2,5963.007755485696,5088.574103583047,874.4336519026498,-11119.128163652493,12867.995467457791,-69.48013386898866,1818.3474376742881,1.0,0.375,False,exploratory; same nominal interval level; few time blocks,1.0,1.0
results/new_model_calibration/interval_predictions.parquet,bolt_ridge_seasonal_mean1,conditional_log,global_log,0.9,later_origins,6048,2,1,5255.108828206748,5434.493390008702,-179.3845618019546,,,,,,0.5,False,exploratory; same nominal interval level; few time blocks,,1.0
results/new_model_calibration/interval_predictions.parquet,bolt_ridge_seasonal_mean1,global_rub,global_log,0.9,public_origins_jun_sep,24192,6,2,4883.033288994525,5088.574103583047,-205.54081458852244,-657.4110781894567,246.32944901241177,-251.08018136856424,-169.97785358055904,0.5,0.03125,False,exploratory; same nominal interval level; few time blocks,1.0,1.0
results/new_model_calibration/interval_predictions.parquet,bolt_ridge_seasonal_mean1,global_rub,global_log,0.9,later_origins,6048,2,1,5605.839742624445,5434.493390008702,171.34635261574374,,,,,,1.0,False,exploratory; same nominal interval level; few time blocks,,1.0
results/new_model_calibration/interval_predictions.parquet,bolt_ridge_seasonal_mean1,size_group_log,global_log,0.9,public_origins_jun_sep,24192,6,2,4870.314173423841,5088.574103583047,-218.25993015920704,-354.1407014140317,-82.37915890438236,-259.91441342350123,-207.56588153702342,0.5,0.03125,False,exploratory; same nominal interval level; few time blocks,1.0,1.0
results/new_model_calibration/interval_predictions.parquet,bolt_ridge_seasonal_mean1,size_group_log,global_log,0.9,later_origins,6048,2,1,5245.593870653827,5434.493390008702,-188.8995193548743,,,,,,0.5,False,exploratory; same nominal interval level; few time blocks,,1.0
results/new_model_calibration/interval_predictions.parquet,bolt_ridge_seasonal_mean1,conditional_log,global_log,0.95,public_origins_jun_sep,24192,6,2,7281.605509233168,6137.203892050364,1144.4016171828043,-13528.19861232807,15817.001846693678,-10.357064411597777,2299.1602987772067,1.0,0.25,False,exploratory; same nominal interval level; few time blocks,1.0,1.0
results/new_model_calibration/interval_predictions.parquet,bolt_ridge_seasonal_mean1,conditional_log,global_log,0.95,later_origins,6048,2,1,6367.660667718531,6574.94159817248,-207.28093045394888,,,,,,0.5,False,exploratory; same nominal interval level; few time blocks,,1.0
results/new_model_calibration/interval_predictions.parquet,bolt_ridge_seasonal_mean1,global_rub,global_log,0.95,public_origins_jun_sep,24192,6,2,6093.947123989586,6137.203892050364,-43.25676806077824,-578.6279533109648,492.11441718940836,-113.94610425462832,-1.1221419977230427,0.5,0.53125,False,exploratory; same nominal interval level; few time blocks,1.0,1.0
results/new_model_calibration/interval_predictions.parquet,bolt_ridge_seasonal_mean1,global_rub,global_log,0.95,later_origins,6048,2,1,6891.77464108664,6574.94159817248,316.83304291416107,,,,,,1.0,False,exploratory; same nominal interval level; few time blocks,,1.0
results/new_model_calibration/interval_predictions.parquet,bolt_ridge_seasonal_mean1,size_group_log,global_log,0.95,public_origins_jun_sep,24192,6,2,5948.961149739521,6137.203892050364,-188.24274231084425,-305.48463171476715,-71.00085290692134,-220.9526395994318,-172.01498343593013,0.5,0.03125,False,exploratory; same nominal interval level; few time blocks,1.0,1.0
results/new_model_calibration/interval_predictions.parquet,bolt_ridge_seasonal_mean1,size_group_log,global_log,0.95,later_origins,6048,2,1,6356.333795061409,6574.94159817248,-218.60780311107038,,,,,,0.5,False,exploratory; same nominal interval level; few time blocks,,1.0
results/final_project/interval_predictions.parquet,structure_macro_prices_wages,adaptive_log,global_log,0.5,public_origins_jun_sep,24192,6,2,2578.213731206478,2551.914313355248,26.299417851230547,-305.7238487430273,358.3226844454884,0.16862006530647233,164.60503678986558,0.5,0.84375,False,exploratory; same nominal interval level; few time blocks,1.0,1.0
results/final_project/interval_predictions.parquet,structure_macro_prices_wages,adaptive_log,global_log,0.5,later_origins,6048,2,1,2738.0490355591455,2762.937335047344,-24.88829948819775,,,,,,0.5,False,exploratory; same nominal interval level; few time blocks,,1.0
results/final_project/interval_predictions.parquet,structure_macro_prices_wages,horizon_log,global_log,0.5,public_origins_jun_sep,24192,6,2,2605.3639357800407,2551.914313355248,53.44962242479266,-377.7165581937173,484.6158030433026,19.516108085751604,193.84401455321012,0.5,0.65625,False,exploratory; same nominal interval level; few time blocks,1.0,1.0
results/final_project/interval_predictions.parquet,structure_macro_prices_wages,horizon_log,global_log,0.5,later_origins,6048,2,1,2762.28428602321,2762.937335047344,-0.6530490241335638,,,,,,1.0,False,exploratory; same nominal interval level; few time blocks,,1.0
results/final_project/interval_predictions.parquet,structure_macro_prices_wages,adaptive_log,global_log,0.8,public_origins_jun_sep,24192,6,2,3996.805366659091,4160.964966688718,-164.159600029627,-2484.577993591136,2156.2587935318816,-346.7804881464575,116.45300896376047,1.0,0.46875,False,exploratory; same nominal interval level; few time blocks,1.0,1.0
results/final_project/interval_predictions.parquet,structure_macro_prices_wages,adaptive_log,global_log,0.8,later_origins,6048,2,1,3879.486891213019,4143.259623293751,-263.77273208073257,,,,,,0.5,False,exploratory; same nominal interval level; few time blocks,,1.0
results/final_project/interval_predictions.parquet,structure_macro_prices_wages,horizon_log,global_log,0.8,public_origins_jun_sep,24192,6,2,4125.743071881387,4160.964966688718,-35.221894807330976,-2664.853755998332,2594.40996638367,-242.1784105992685,246.70853228377482,1.0,0.96875,False,exploratory; same nominal interval level; few time blocks,1.0,1.0
results/final_project/interval_predictions.parquet,structure_macro_prices_wages,horizon_log,global_log,0.8,later_origins,6048,2,1,4121.309914379897,4143.259623293751,-21.949708913855236,,,,,,0.5,False,exploratory; same nominal interval level; few time blocks,,1.0
results/final_project/interval_predictions.parquet,structure_macro_prices_wages,adaptive_log,global_log,0.9,public_origins_jun_sep,24192,6,2,4996.8973422243635,5352.493517109257,-355.5961748848929,-3911.0165769145706,3199.8242271447853,-635.4138289980312,-28.192125254700493,0.5,0.1875,False,exploratory; same nominal interval level; few time blocks,1.0,1.0
results/final_project/interval_predictions.parquet,structure_macro_prices_wages,adaptive_log,global_log,0.9,later_origins,6048,2,1,4754.330581362417,5236.095923642155,-481.7653422797382,,,,,,0.5,False,exploratory; same nominal interval level; few time blocks,,1.0
results/final_project/interval_predictions.parquet,structure_macro_prices_wages,horizon_log,global_log,0.9,public_origins_jun_sep,24192,6,2,5193.370506400251,5352.493517109257,-159.1230107090064,-4215.892971292988,3897.646949874975,-478.3977307953382,181.23195121343926,1.0,0.5,False,exploratory; same nominal interval level; few time blocks,1.0,1.0
results/final_project/interval_predictions.parquet,structure_macro_prices_wages,horizon_log,global_log,0.9,later_origins,6048,2,1,5208.744855247682,5236.095923642155,-27.35106839447353,,,,,,0.5,False,exploratory; same nominal interval level; few time blocks,,1.0
results/final_project/interval_predictions.parquet,structure_macro_prices_wages,adaptive_log,global_log,0.95,public_origins_jun_sep,24192,6,2,5976.364791377802,6502.873646255183,-526.5088548773809,-4197.6102890541115,3144.5925792993494,-815.4308036675418,-193.7585450652466,0.5,0.03125,False,exploratory; same nominal interval level; few time blocks,1.0,1.0
results/final_project/interval_predictions.parquet,structure_macro_prices_wages,adaptive_log,global_log,0.95,later_origins,6048,2,1,5692.033306175554,6345.797019046828,-653.7637128712739,,,,,,0.5,False,exploratory; same nominal interval level; few time blocks,,1.0
results/final_project/interval_predictions.parquet,structure_macro_prices_wages,horizon_log,global_log,0.95,public_origins_jun_sep,24192,6,2,6252.515677480677,6502.873646255183,-250.35796877450676,-4864.148767850292,4363.432830301278,-613.4711795861357,112.7552420371222,1.0,0.4375,False,exploratory; same nominal interval level; few time blocks,1.0,1.0
results/final_project/interval_predictions.parquet,structure_macro_prices_wages,horizon_log,global_log,0.95,later_origins,6048,2,1,6295.7796406052485,6345.797019046828,-50.01737844157889,,,,,,1.0,False,exploratory; same nominal interval level; few time blocks,,1.0
