scenario,criterion,method,n,success,rate,ci_low,ci_high,p_vs_control_target_005,scope
control,any_alarm,cusum,1000,32,0.032,0.021988849605379415,0.04487590283506162,0.007134393774972634,independent synthetic sequences only
control,any_alarm,ewma,1000,33,0.033,0.022822383349459574,0.04603398181728868,0.011029332549351026,independent synthetic sequences only
control,any_alarm,page_hinkley,1000,23,0.023,0.014634582324915503,0.03431233761260076,2.2721512206448366e-05,independent synthetic sequences only
control,pre_alarm,cusum,1000,2,0.002,0.00024230111688164864,0.007205838911937413,,independent synthetic sequences only
control,pre_alarm,ewma,1000,18,0.018,0.010701947929414169,0.02829904124901918,,independent synthetic sequences only
control,pre_alarm,page_hinkley,1000,0,0.0,0.0,0.0036820838966395257,,independent synthetic sequences only
gradual_change,any_alarm,cusum,1000,1000,1.0,0.9963179161033608,1.0,,independent synthetic sequences only
gradual_change,any_alarm,ewma,1000,1000,1.0,0.9963179161033608,1.0,,independent synthetic sequences only
gradual_change,any_alarm,page_hinkley,1000,1000,1.0,0.9963179161033608,1.0,,independent synthetic sequences only
gradual_change,pre_alarm,cusum,1000,2,0.002,0.00024230111688164864,0.007205838911937413,,independent synthetic sequences only
gradual_change,pre_alarm,ewma,1000,25,0.025,0.01624253569671339,0.03668482305195934,,independent synthetic sequences only
gradual_change,pre_alarm,page_hinkley,1000,0,0.0,0.0,0.0036820838966395257,,independent synthetic sequences only
gradual_change,hit,cusum,1000,29,0.029,0.019505937324384635,0.041384719116444806,,independent synthetic sequences only
gradual_change,hit,ewma,1000,147,0.147,0.12561721113351138,0.17048407987890798,,independent synthetic sequences only
gradual_change,hit,page_hinkley,1000,18,0.018,0.010701947929414169,0.02829904124901918,,independent synthetic sequences only
persistent_step,any_alarm,cusum,1000,1000,1.0,0.9963179161033608,1.0,,independent synthetic sequences only
persistent_step,any_alarm,ewma,1000,998,0.998,0.9927941610880622,0.9997576988831184,,independent synthetic sequences only
persistent_step,any_alarm,page_hinkley,1000,1000,1.0,0.9963179161033608,1.0,,independent synthetic sequences only
persistent_step,pre_alarm,cusum,1000,0,0.0,0.0,0.0036820838966395257,,independent synthetic sequences only
persistent_step,pre_alarm,ewma,1000,22,0.022,0.013837414171819523,0.03311966451498769,,independent synthetic sequences only
persistent_step,pre_alarm,page_hinkley,1000,0,0.0,0.0,0.0036820838966395257,,independent synthetic sequences only
persistent_step,hit,cusum,1000,775,0.775,0.7478289998350564,0.8005411285489055,,independent synthetic sequences only
persistent_step,hit,ewma,1000,969,0.969,0.9562849149937587,0.9788418280295733,,independent synthetic sequences only
persistent_step,hit,page_hinkley,1000,707,0.707,0.6777103418972616,0.7350652822207449,,independent synthetic sequences only
single_outlier,any_alarm,cusum,1000,86,0.086,0.06936253057241341,0.10512026843432656,,independent synthetic sequences only
single_outlier,any_alarm,ewma,1000,745,0.745,0.716788839303209,0.7717605799980952,,independent synthetic sequences only
single_outlier,any_alarm,page_hinkley,1000,77,0.077,0.06124202778354622,0.0952993809782531,,independent synthetic sequences only
single_outlier,pre_alarm,cusum,1000,3,0.003,0.0006190999316499173,0.008742023238657722,,independent synthetic sequences only
single_outlier,pre_alarm,ewma,1000,29,0.029,0.019505937324384635,0.041384719116444806,,independent synthetic sequences only
single_outlier,pre_alarm,page_hinkley,1000,0,0.0,0.0,0.0036820838966395257,,independent synthetic sequences only
single_outlier,hit,cusum,1000,30,0.03,0.020330485683114647,0.042551402470028976,,independent synthetic sequences only
single_outlier,hit,ewma,1000,715,0.715,0.685916765661644,0.7428113037438837,,independent synthetic sequences only
single_outlier,hit,page_hinkley,1000,17,0.017,0.009933512592716536,0.027079496864807685,,independent synthetic sequences only
