scenario,criterion,reference,candidate,n,delta_rate,ci_low,ci_high,discordant_plus,discordant_minus,p_exact_mcnemar,scope,p_holm_synthetic_family,reject_holm_005
control,any_alarm,cusum,ewma,1000,0.001,-0.011,0.013,20,19,1.0,synthetic only; calibrated thresholds fixed; paired independent sequence outcomes,1.0,False
control,any_alarm,cusum,page_hinkley,1000,-0.009,-0.023,0.005,20,29,0.2528697301676033,synthetic only; calibrated thresholds fixed; paired independent sequence outcomes,1.0,False
control,any_alarm,ewma,page_hinkley,1000,-0.01,-0.022,0.002,14,24,0.14330665429588407,synthetic only; calibrated thresholds fixed; paired independent sequence outcomes,1.0,False
control,pre_alarm,cusum,ewma,1000,0.016,0.009,0.024,16,0,3.0517578125e-05,synthetic only; calibrated thresholds fixed; paired independent sequence outcomes,0.000518798828125,True
control,pre_alarm,cusum,page_hinkley,1000,-0.002,-0.005,0.0,0,2,0.5,synthetic only; calibrated thresholds fixed; paired independent sequence outcomes,1.0,False
control,pre_alarm,ewma,page_hinkley,1000,-0.018,-0.027,-0.01,0,18,7.62939453125e-06,synthetic only; calibrated thresholds fixed; paired independent sequence outcomes,0.0001373291015625,True
gradual_change,any_alarm,cusum,ewma,1000,0.0,0.0,0.0,0,0,1.0,synthetic only; calibrated thresholds fixed; paired independent sequence outcomes,1.0,False
gradual_change,any_alarm,cusum,page_hinkley,1000,0.0,0.0,0.0,0,0,1.0,synthetic only; calibrated thresholds fixed; paired independent sequence outcomes,1.0,False
gradual_change,any_alarm,ewma,page_hinkley,1000,0.0,0.0,0.0,0,0,1.0,synthetic only; calibrated thresholds fixed; paired independent sequence outcomes,1.0,False
gradual_change,pre_alarm,cusum,ewma,1000,0.023,0.014,0.033,23,0,2.384185791015625e-07,synthetic only; calibrated thresholds fixed; paired independent sequence outcomes,5.245208740234375e-06,True
gradual_change,pre_alarm,cusum,page_hinkley,1000,-0.002,-0.005,0.0,0,2,0.5,synthetic only; calibrated thresholds fixed; paired independent sequence outcomes,1.0,False
gradual_change,pre_alarm,ewma,page_hinkley,1000,-0.025,-0.035,-0.016,0,25,5.960464477539063e-08,synthetic only; calibrated thresholds fixed; paired independent sequence outcomes,1.3709068298339844e-06,True
gradual_change,hit,cusum,ewma,1000,0.118,0.096,0.14,127,9,8.260011277058911e-28,synthetic only; calibrated thresholds fixed; paired independent sequence outcomes,2.147602932035317e-26,True
gradual_change,hit,cusum,page_hinkley,1000,-0.011,-0.023,0.001,13,24,0.09887174959294498,synthetic only; calibrated thresholds fixed; paired independent sequence outcomes,1.0,False
gradual_change,hit,ewma,page_hinkley,1000,-0.129,-0.151,-0.107,7,136,3.949015341756499e-32,synthetic only; calibrated thresholds fixed; paired independent sequence outcomes,1.0662341422742547e-30,True
persistent_step,any_alarm,cusum,ewma,1000,-0.002,-0.005,0.0,0,2,0.5,synthetic only; calibrated thresholds fixed; paired independent sequence outcomes,1.0,False
persistent_step,any_alarm,cusum,page_hinkley,1000,0.0,0.0,0.0,0,0,1.0,synthetic only; calibrated thresholds fixed; paired independent sequence outcomes,1.0,False
persistent_step,any_alarm,ewma,page_hinkley,1000,0.002,0.0,0.005,2,0,0.5,synthetic only; calibrated thresholds fixed; paired independent sequence outcomes,1.0,False
persistent_step,pre_alarm,cusum,ewma,1000,0.022,0.013,0.032,22,0,4.76837158203125e-07,synthetic only; calibrated thresholds fixed; paired independent sequence outcomes,9.5367431640625e-06,True
persistent_step,pre_alarm,cusum,page_hinkley,1000,0.0,0.0,0.0,0,0,1.0,synthetic only; calibrated thresholds fixed; paired independent sequence outcomes,1.0,False
persistent_step,pre_alarm,ewma,page_hinkley,1000,-0.022,-0.032,-0.013,0,22,4.76837158203125e-07,synthetic only; calibrated thresholds fixed; paired independent sequence outcomes,9.5367431640625e-06,True
persistent_step,hit,cusum,ewma,1000,0.194,0.166,0.222,216,22,3.170668576601801e-41,synthetic only; calibrated thresholds fixed; paired independent sequence outcomes,8.877872014485042e-40,True
persistent_step,hit,cusum,page_hinkley,1000,-0.068,-0.09402499999999998,-0.042,55,123,3.735837682736023e-07,synthetic only; calibrated thresholds fixed; paired independent sequence outcomes,7.845259133745647e-06,True
persistent_step,hit,ewma,page_hinkley,1000,-0.262,-0.292,-0.232,21,283,8.833829006734167e-60,synthetic only; calibrated thresholds fixed; paired independent sequence outcomes,2.5618104119529085e-58,True
single_outlier,any_alarm,cusum,ewma,1000,0.659,0.629,0.688,661,2,1.1502611600772921e-194,synthetic only; calibrated thresholds fixed; paired independent sequence outcomes,3.5658095962396055e-193,True
single_outlier,any_alarm,cusum,page_hinkley,1000,-0.009,-0.03,0.012,51,60,0.4478061321437484,synthetic only; calibrated thresholds fixed; paired independent sequence outcomes,1.0,False
single_outlier,any_alarm,ewma,page_hinkley,1000,-0.668,-0.696,-0.638,2,670,2.3079647509470637e-197,synthetic only; calibrated thresholds fixed; paired independent sequence outcomes,7.385487203030604e-196,True
single_outlier,pre_alarm,cusum,ewma,1000,0.026,0.016,0.036,26,0,2.9802322387695312e-08,synthetic only; calibrated thresholds fixed; paired independent sequence outcomes,7.152557373046875e-07,True
single_outlier,pre_alarm,cusum,page_hinkley,1000,-0.003,-0.007,0.0,0,3,0.25,synthetic only; calibrated thresholds fixed; paired independent sequence outcomes,1.0,False
single_outlier,pre_alarm,ewma,page_hinkley,1000,-0.029,-0.04,-0.019,0,29,3.725290298461914e-09,synthetic only; calibrated thresholds fixed; paired independent sequence outcomes,9.313225746154785e-08,True
single_outlier,hit,cusum,ewma,1000,0.685,0.655,0.715,694,9,5.285672366806837e-192,synthetic only; calibrated thresholds fixed; paired independent sequence outcomes,1.585701710042051e-190,True
single_outlier,hit,cusum,page_hinkley,1000,-0.013,-0.025,-0.002,10,23,0.03508203336969018,synthetic only; calibrated thresholds fixed; paired independent sequence outcomes,0.5613125339150429,False
single_outlier,hit,ewma,page_hinkley,1000,-0.698,-0.727,-0.6679750000000004,7,705,1.675233565978417e-198,synthetic only; calibrated thresholds fixed; paired independent sequence outcomes,5.528270767728776e-197,True
